INFO 2025-07-17 23:31:43,586 autoreload 18 139765394963328 Watching for file changes with StatReloader
INFO 2025-07-17 23:31:51,777 autoreload 18 139765394963328 /app/league_tracker/settings.py changed, reloading.
INFO 2025-07-17 23:31:52,336 autoreload 20 139943898090368 Watching for file changes with StatReloader
INFO 2025-07-17 23:33:45,950 autoreload 10 139757697686400 Watching for file changes with StatReloader
INFO 2025-07-17 23:34:09,294 autoreload 10 139757697686400 /app/api/views.py changed, reloading.
INFO 2025-07-17 23:34:09,972 autoreload 12 140093843716992 Watching for file changes with StatReloader
INFO 2025-07-17 23:34:23,233 autoreload 12 140093843716992 /app/api/riot_api.py changed, reloading.
INFO 2025-07-17 23:34:24,001 autoreload 14 140036145568640 Watching for file changes with StatReloader
INFO 2025-07-17 23:34:44,876 autoreload 10 140453015513984 Watching for file changes with StatReloader
INFO 2025-07-17 23:35:56,140 basehttp 10 140452937328320 "GET /api/friends/ HTTP/1.1" 200 513
INFO 2025-07-17 23:35:56,158 basehttp 10 140452928935616 "GET /api/friends/ HTTP/1.1" 200 513
INFO 2025-07-17 23:36:11,038 views 10 140452928935616 Adding friend: paca#1889 in region na1 with 50 matches
INFO 2025-07-17 23:36:11,038 views 10 140452928935616 Fetching summoner data for paca#1889
INFO 2025-07-17 23:36:11,038 riot_api 10 140452928935616 Making Riot API request to: https://americas.api.riotgames.com/riot/account/v1/accounts/by-riot-id/paca/1889
DEBUG 2025-07-17 23:36:11,042 connectionpool 10 140452928935616 Starting new HTTPS connection (1): americas.api.riotgames.com:443
DEBUG 2025-07-17 23:36:11,715 connectionpool 10 140452928935616 https://americas.api.riotgames.com:443 "GET /riot/account/v1/accounts/by-riot-id/paca/1889 HTTP/1.1" 200 None
INFO 2025-07-17 23:36:11,716 riot_api 10 140452928935616 Riot API response status: 200
INFO 2025-07-17 23:36:11,717 riot_api 10 140452928935616 Riot API response data keys: ['puuid', 'gameName', 'tagLine']
INFO 2025-07-17 23:36:11,718 views 10 140452928935616 Summoner data received: {'puuid': '5HKE2qWyQYq-mrzbt_--LKas7GROst-AxzpWM-cK-PLg8hc_0VfbWy0aL8-aPxEAke--wg1yQjhJFA', 'gameName': 'paca', 'tagLine': '1889'}
INFO 2025-07-17 23:36:11,731 views 10 140452928935616 Friend created: paca#1889
INFO 2025-07-17 23:36:11,731 views 10 140452928935616 Fetching 50 match IDs for PUUID: 5HKE2qWyQYq-mrzbt_--LKas7GROst-AxzpWM-cK-PLg8hc_0VfbWy0aL8-aPxEAke--wg1yQjhJFA
INFO 2025-07-17 23:36:11,731 riot_api 10 140452928935616 Making Riot API request to: https://americas.api.riotgames.com/lol/match/v5/matches/by-puuid/5HKE2qWyQYq-mrzbt_--LKas7GROst-AxzpWM-cK-PLg8hc_0VfbWy0aL8-aPxEAke--wg1yQjhJFA/ids
INFO 2025-07-17 23:36:11,732 riot_api 10 140452928935616 Request parameters: {'count': 50}
DEBUG 2025-07-17 23:36:11,733 connectionpool 10 140452928935616 Starting new HTTPS connection (1): americas.api.riotgames.com:443
DEBUG 2025-07-17 23:36:12,094 connectionpool 10 140452928935616 https://americas.api.riotgames.com:443 "GET /lol/match/v5/matches/by-puuid/5HKE2qWyQYq-mrzbt_--LKas7GROst-AxzpWM-cK-PLg8hc_0VfbWy0aL8-aPxEAke--wg1yQjhJFA/ids?count=50 HTTP/1.1" 200 None
INFO 2025-07-17 23:36:12,095 riot_api 10 140452928935616 Riot API response status: 200
INFO 2025-07-17 23:36:12,096 riot_api 10 140452928935616 Riot API response data keys: Not a dict
ERROR 2025-07-17 23:36:12,097 views 10 140452928935616 Error fetching matches: 'list' object has no attribute 'get'
INFO 2025-07-17 23:36:12,099 basehttp 10 140452928935616 "POST /api/friends/add-by-riot-id/ HTTP/1.1" 201 353
INFO 2025-07-17 23:36:27,896 basehttp 10 140452928935616 "GET /api/profile/ HTTP/1.1" 200 174
INFO 2025-07-17 23:36:27,913 basehttp 10 140452937328320 "GET /api/profile/ HTTP/1.1" 200 174
INFO 2025-07-17 23:36:31,338 basehttp 10 140452937328320 "POST /api/auth/login/ HTTP/1.1" 200 101
INFO 2025-07-17 23:36:31,424 basehttp 10 140452937328320 "GET /api/tiles/ HTTP/1.1" 200 1153
INFO 2025-07-17 23:36:31,466 basehttp 10 140452928935616 "GET /api/tiles/ HTTP/1.1" 200 1153
INFO 2025-07-17 23:36:32,693 basehttp 10 140452928935616 "GET /api/friends/ HTTP/1.1" 200 732
INFO 2025-07-17 23:36:32,712 basehttp 10 140452937328320 "GET /api/friends/ HTTP/1.1" 200 732
INFO 2025-07-17 23:36:38,076 basehttp 10 140452920542912 "OPTIONS /api/friends/3/ HTTP/1.1" 200 0
INFO 2025-07-17 23:36:38,095 basehttp 10 140452937328320 "DELETE /api/friends/3/ HTTP/1.1" 204 0
INFO 2025-07-17 23:36:48,634 views 10 140452937328320 Adding friend: paca#1889 in region na1 with 50 matches
INFO 2025-07-17 23:36:48,635 views 10 140452937328320 Fetching summoner data for paca#1889
INFO 2025-07-17 23:36:48,635 riot_api 10 140452937328320 Making Riot API request to: https://americas.api.riotgames.com/riot/account/v1/accounts/by-riot-id/paca/1889
DEBUG 2025-07-17 23:36:48,636 connectionpool 10 140452937328320 Starting new HTTPS connection (1): americas.api.riotgames.com:443
DEBUG 2025-07-17 23:36:48,853 connectionpool 10 140452937328320 https://americas.api.riotgames.com:443 "GET /riot/account/v1/accounts/by-riot-id/paca/1889 HTTP/1.1" 200 None
INFO 2025-07-17 23:36:48,855 riot_api 10 140452937328320 Riot API response status: 200
INFO 2025-07-17 23:36:48,855 riot_api 10 140452937328320 Riot API response data keys: ['puuid', 'gameName', 'tagLine']
INFO 2025-07-17 23:36:48,856 views 10 140452937328320 Summoner data received: {'puuid': '5HKE2qWyQYq-mrzbt_--LKas7GROst-AxzpWM-cK-PLg8hc_0VfbWy0aL8-aPxEAke--wg1yQjhJFA', 'gameName': 'paca', 'tagLine': '1889'}
INFO 2025-07-17 23:36:48,861 views 10 140452937328320 Friend created: paca#1889
INFO 2025-07-17 23:36:48,861 views 10 140452937328320 Fetching 50 match IDs for PUUID: 5HKE2qWyQYq-mrzbt_--LKas7GROst-AxzpWM-cK-PLg8hc_0VfbWy0aL8-aPxEAke--wg1yQjhJFA
INFO 2025-07-17 23:36:48,861 riot_api 10 140452937328320 Making Riot API request to: https://americas.api.riotgames.com/lol/match/v5/matches/by-puuid/5HKE2qWyQYq-mrzbt_--LKas7GROst-AxzpWM-cK-PLg8hc_0VfbWy0aL8-aPxEAke--wg1yQjhJFA/ids
INFO 2025-07-17 23:36:48,861 riot_api 10 140452937328320 Request parameters: {'count': 50}
DEBUG 2025-07-17 23:36:48,862 connectionpool 10 140452937328320 Starting new HTTPS connection (1): americas.api.riotgames.com:443
DEBUG 2025-07-17 23:36:49,054 connectionpool 10 140452937328320 https://americas.api.riotgames.com:443 "GET /lol/match/v5/matches/by-puuid/5HKE2qWyQYq-mrzbt_--LKas7GROst-AxzpWM-cK-PLg8hc_0VfbWy0aL8-aPxEAke--wg1yQjhJFA/ids?count=50 HTTP/1.1" 200 None
INFO 2025-07-17 23:36:49,055 riot_api 10 140452937328320 Riot API response status: 200
INFO 2025-07-17 23:36:49,056 riot_api 10 140452937328320 Riot API response data keys: Not a dict
ERROR 2025-07-17 23:36:49,057 views 10 140452937328320 Error fetching matches: 'list' object has no attribute 'get'
INFO 2025-07-17 23:36:49,058 basehttp 10 140452937328320 "POST /api/friends/add-by-riot-id/ HTTP/1.1" 201 353
INFO 2025-07-17 23:36:54,579 riot_api 10 140452937328320 Making Riot API request to: https://americas.api.riotgames.com/lol/match/v5/matches/by-puuid/gbgDQNvfnp3DlkXWekiHLH6dnIYS0ZC5TQiXxD0biTP1rhS1kjuiUj6k-Q95OKHxwuJsa4hM56Js1w/ids
INFO 2025-07-17 23:36:54,594 riot_api 10 140452937328320 Request parameters: {'count': 20}
DEBUG 2025-07-17 23:36:54,595 connectionpool 10 140452937328320 Starting new HTTPS connection (1): americas.api.riotgames.com:443
DEBUG 2025-07-17 23:36:54,820 connectionpool 10 140452937328320 https://americas.api.riotgames.com:443 "GET /lol/match/v5/matches/by-puuid/gbgDQNvfnp3DlkXWekiHLH6dnIYS0ZC5TQiXxD0biTP1rhS1kjuiUj6k-Q95OKHxwuJsa4hM56Js1w/ids?count=20 HTTP/1.1" 200 None
INFO 2025-07-17 23:36:54,820 riot_api 10 140452937328320 Riot API response status: 200
INFO 2025-07-17 23:36:54,821 riot_api 10 140452937328320 Riot API response data keys: Not a dict
ERROR 2025-07-17 23:36:54,822 log 10 140452937328320 Internal Server Error: /api/matches/refresh/gbgDQNvfnp3DlkXWekiHLH6dnIYS0ZC5TQiXxD0biTP1rhS1kjuiUj6k-Q95OKHxwuJsa4hM56Js1w/
ERROR 2025-07-17 23:36:54,823 basehttp 10 140452937328320 "POST /api/matches/refresh/gbgDQNvfnp3DlkXWekiHLH6dnIYS0ZC5TQiXxD0biTP1rhS1kjuiUj6k-Q95OKHxwuJsa4hM56Js1w/ HTTP/1.1" 500 66
INFO 2025-07-17 23:36:56,728 basehttp 10 140452920542912 "OPTIONS /api/friends/1/ HTTP/1.1" 200 0
INFO 2025-07-17 23:36:56,745 basehttp 10 140452937328320 "DELETE /api/friends/1/ HTTP/1.1" 204 0
INFO 2025-07-17 23:36:57,785 basehttp 10 140452920542912 "OPTIONS /api/friends/2/ HTTP/1.1" 200 0
INFO 2025-07-17 23:36:57,802 basehttp 10 140452937328320 "DELETE /api/friends/2/ HTTP/1.1" 204 0
INFO 2025-07-17 23:37:13,253 views 10 140452937328320 Adding friend: peteychill#NA1 in region na1 with 50 matches
INFO 2025-07-17 23:37:13,255 views 10 140452937328320 Fetching summoner data for peteychill#NA1
INFO 2025-07-17 23:37:13,256 riot_api 10 140452937328320 Making Riot API request to: https://americas.api.riotgames.com/riot/account/v1/accounts/by-riot-id/peteychill/NA1
DEBUG 2025-07-17 23:37:13,259 connectionpool 10 140452937328320 Starting new HTTPS connection (1): americas.api.riotgames.com:443
DEBUG 2025-07-17 23:37:13,690 connectionpool 10 140452937328320 https://americas.api.riotgames.com:443 "GET /riot/account/v1/accounts/by-riot-id/peteychill/NA1 HTTP/1.1" 200 None
INFO 2025-07-17 23:37:13,691 riot_api 10 140452937328320 Riot API response status: 200
INFO 2025-07-17 23:37:13,692 riot_api 10 140452937328320 Riot API response data keys: ['puuid', 'gameName', 'tagLine']
INFO 2025-07-17 23:37:13,694 views 10 140452937328320 Summoner data received: {'puuid': 'dWPwP9-RErPr_kqPU3mbmj7H69M3lvx4M-lb0tLTXDKwF_xIUqBZBn8MklI-etNgg5cl8bJ2pTwywg', 'gameName': 'peteychill', 'tagLine': 'NA1'}
INFO 2025-07-17 23:37:13,699 views 10 140452937328320 Friend created: peteychill#NA1
INFO 2025-07-17 23:37:13,699 views 10 140452937328320 Fetching 50 match IDs for PUUID: dWPwP9-RErPr_kqPU3mbmj7H69M3lvx4M-lb0tLTXDKwF_xIUqBZBn8MklI-etNgg5cl8bJ2pTwywg
INFO 2025-07-17 23:37:13,700 riot_api 10 140452937328320 Making Riot API request to: https://americas.api.riotgames.com/lol/match/v5/matches/by-puuid/dWPwP9-RErPr_kqPU3mbmj7H69M3lvx4M-lb0tLTXDKwF_xIUqBZBn8MklI-etNgg5cl8bJ2pTwywg/ids
INFO 2025-07-17 23:37:13,700 riot_api 10 140452937328320 Request parameters: {'count': 50}
DEBUG 2025-07-17 23:37:13,701 connectionpool 10 140452937328320 Starting new HTTPS connection (1): americas.api.riotgames.com:443
DEBUG 2025-07-17 23:37:13,897 connectionpool 10 140452937328320 https://americas.api.riotgames.com:443 "GET /lol/match/v5/matches/by-puuid/dWPwP9-RErPr_kqPU3mbmj7H69M3lvx4M-lb0tLTXDKwF_xIUqBZBn8MklI-etNgg5cl8bJ2pTwywg/ids?count=50 HTTP/1.1" 200 None
INFO 2025-07-17 23:37:13,901 riot_api 10 140452937328320 Riot API response status: 200
INFO 2025-07-17 23:37:13,901 riot_api 10 140452937328320 Riot API response data keys: Not a dict
ERROR 2025-07-17 23:37:13,902 views 10 140452937328320 Error fetching matches: 'list' object has no attribute 'get'
INFO 2025-07-17 23:37:13,903 basehttp 10 140452937328320 "POST /api/friends/add-by-riot-id/ HTTP/1.1" 201 363
INFO 2025-07-17 23:37:27,932 views 10 140452937328320 Adding friend: poopsmith420#NA1 in region na1 with 50 matches
INFO 2025-07-17 23:37:27,933 views 10 140452937328320 Fetching summoner data for poopsmith420#NA1
INFO 2025-07-17 23:37:27,933 riot_api 10 140452937328320 Making Riot API request to: https://americas.api.riotgames.com/riot/account/v1/accounts/by-riot-id/poopsmith420/NA1
DEBUG 2025-07-17 23:37:27,934 connectionpool 10 140452937328320 Starting new HTTPS connection (1): americas.api.riotgames.com:443
DEBUG 2025-07-17 23:37:28,610 connectionpool 10 140452937328320 https://americas.api.riotgames.com:443 "GET /riot/account/v1/accounts/by-riot-id/poopsmith420/NA1 HTTP/1.1" 200 None
INFO 2025-07-17 23:37:28,613 riot_api 10 140452937328320 Riot API response status: 200
INFO 2025-07-17 23:37:28,614 riot_api 10 140452937328320 Riot API response data keys: ['puuid', 'gameName', 'tagLine']
INFO 2025-07-17 23:37:28,617 views 10 140452937328320 Summoner data received: {'puuid': 'gbgDQNvfnp3DlkXWekiHLH6dnIYS0ZC5TQiXxD0biTP1rhS1kjuiUj6k-Q95OKHxwuJsa4hM56Js1w', 'gameName': 'poopsmith420', 'tagLine': 'NA1'}
INFO 2025-07-17 23:37:28,625 views 10 140452937328320 Friend created: poopsmith420#NA1
INFO 2025-07-17 23:37:28,625 views 10 140452937328320 Fetching 50 match IDs for PUUID: gbgDQNvfnp3DlkXWekiHLH6dnIYS0ZC5TQiXxD0biTP1rhS1kjuiUj6k-Q95OKHxwuJsa4hM56Js1w
INFO 2025-07-17 23:37:28,626 riot_api 10 140452937328320 Making Riot API request to: https://americas.api.riotgames.com/lol/match/v5/matches/by-puuid/gbgDQNvfnp3DlkXWekiHLH6dnIYS0ZC5TQiXxD0biTP1rhS1kjuiUj6k-Q95OKHxwuJsa4hM56Js1w/ids
INFO 2025-07-17 23:37:28,626 riot_api 10 140452937328320 Request parameters: {'count': 50}
DEBUG 2025-07-17 23:37:28,626 connectionpool 10 140452937328320 Starting new HTTPS connection (1): americas.api.riotgames.com:443
DEBUG 2025-07-17 23:37:28,810 connectionpool 10 140452937328320 https://americas.api.riotgames.com:443 "GET /lol/match/v5/matches/by-puuid/gbgDQNvfnp3DlkXWekiHLH6dnIYS0ZC5TQiXxD0biTP1rhS1kjuiUj6k-Q95OKHxwuJsa4hM56Js1w/ids?count=50 HTTP/1.1" 200 None
INFO 2025-07-17 23:37:28,812 riot_api 10 140452937328320 Riot API response status: 200
INFO 2025-07-17 23:37:28,812 riot_api 10 140452937328320 Riot API response data keys: Not a dict
ERROR 2025-07-17 23:37:28,813 views 10 140452937328320 Error fetching matches: 'list' object has no attribute 'get'
INFO 2025-07-17 23:37:28,815 basehttp 10 140452937328320 "POST /api/friends/add-by-riot-id/ HTTP/1.1" 201 367
INFO 2025-07-17 23:37:30,350 riot_api 10 140452937328320 Making Riot API request to: https://americas.api.riotgames.com/lol/match/v5/matches/by-puuid/dWPwP9-RErPr_kqPU3mbmj7H69M3lvx4M-lb0tLTXDKwF_xIUqBZBn8MklI-etNgg5cl8bJ2pTwywg/ids
INFO 2025-07-17 23:37:30,357 riot_api 10 140452937328320 Request parameters: {'count': 20}
DEBUG 2025-07-17 23:37:30,358 connectionpool 10 140452937328320 Starting new HTTPS connection (1): americas.api.riotgames.com:443
DEBUG 2025-07-17 23:37:30,585 connectionpool 10 140452937328320 https://americas.api.riotgames.com:443 "GET /lol/match/v5/matches/by-puuid/dWPwP9-RErPr_kqPU3mbmj7H69M3lvx4M-lb0tLTXDKwF_xIUqBZBn8MklI-etNgg5cl8bJ2pTwywg/ids?count=20 HTTP/1.1" 200 None
INFO 2025-07-17 23:37:30,586 riot_api 10 140452937328320 Riot API response status: 200
INFO 2025-07-17 23:37:30,587 riot_api 10 140452937328320 Riot API response data keys: Not a dict
ERROR 2025-07-17 23:37:30,588 log 10 140452937328320 Internal Server Error: /api/matches/refresh/dWPwP9-RErPr_kqPU3mbmj7H69M3lvx4M-lb0tLTXDKwF_xIUqBZBn8MklI-etNgg5cl8bJ2pTwywg/
ERROR 2025-07-17 23:37:30,589 basehttp 10 140452937328320 "POST /api/matches/refresh/dWPwP9-RErPr_kqPU3mbmj7H69M3lvx4M-lb0tLTXDKwF_xIUqBZBn8MklI-etNgg5cl8bJ2pTwywg/ HTTP/1.1" 500 66
INFO 2025-07-17 23:37:33,575 riot_api 10 140452937328320 Making Riot API request to: https://americas.api.riotgames.com/lol/match/v5/matches/by-puuid/dWPwP9-RErPr_kqPU3mbmj7H69M3lvx4M-lb0tLTXDKwF_xIUqBZBn8MklI-etNgg5cl8bJ2pTwywg/ids
INFO 2025-07-17 23:37:33,576 riot_api 10 140452937328320 Request parameters: {'count': 20}
DEBUG 2025-07-17 23:37:33,579 connectionpool 10 140452937328320 Starting new HTTPS connection (1): americas.api.riotgames.com:443
DEBUG 2025-07-17 23:37:33,954 connectionpool 10 140452937328320 https://americas.api.riotgames.com:443 "GET /lol/match/v5/matches/by-puuid/dWPwP9-RErPr_kqPU3mbmj7H69M3lvx4M-lb0tLTXDKwF_xIUqBZBn8MklI-etNgg5cl8bJ2pTwywg/ids?count=20 HTTP/1.1" 200 None
INFO 2025-07-17 23:37:33,955 riot_api 10 140452937328320 Riot API response status: 200
INFO 2025-07-17 23:37:33,955 riot_api 10 140452937328320 Riot API response data keys: Not a dict
ERROR 2025-07-17 23:37:33,958 log 10 140452937328320 Internal Server Error: /api/matches/refresh/dWPwP9-RErPr_kqPU3mbmj7H69M3lvx4M-lb0tLTXDKwF_xIUqBZBn8MklI-etNgg5cl8bJ2pTwywg/
ERROR 2025-07-17 23:37:33,958 basehttp 10 140452937328320 "POST /api/matches/refresh/dWPwP9-RErPr_kqPU3mbmj7H69M3lvx4M-lb0tLTXDKwF_xIUqBZBn8MklI-etNgg5cl8bJ2pTwywg/ HTTP/1.1" 500 66
INFO 2025-07-17 23:37:37,612 basehttp 10 140452928935616 "GET /api/friends/ HTTP/1.1" 200 732
INFO 2025-07-17 23:37:37,636 basehttp 10 140452937328320 "GET /api/tiles/ HTTP/1.1" 200 464
INFO 2025-07-17 23:37:37,648 basehttp 10 140452920542912 "GET /api/friends/ HTTP/1.1" 200 732
INFO 2025-07-17 23:37:37,674 basehttp 10 140452928935616 "GET /api/tiles/ HTTP/1.1" 200 464
INFO 2025-07-17 23:37:39,717 basehttp 10 140452912150208 "OPTIONS /api/tiles/3/ HTTP/1.1" 200 0
INFO 2025-07-17 23:37:39,743 basehttp 10 140452928935616 "DELETE /api/tiles/3/ HTTP/1.1" 204 0
INFO 2025-07-17 23:37:40,835 basehttp 10 140452912150208 "OPTIONS /api/tiles/4/ HTTP/1.1" 200 0
INFO 2025-07-17 23:37:40,855 basehttp 10 140452928935616 "DELETE /api/tiles/4/ HTTP/1.1" 204 0
INFO 2025-07-17 23:37:56,622 basehttp 10 140452928935616 "POST /api/tiles/ HTTP/1.1" 201 429
INFO 2025-07-17 23:38:37,321 autoreload 10 140453015513984 /app/api/riot_api.py changed, reloading.
INFO 2025-07-17 23:38:37,960 autoreload 19 140295709358976 Watching for file changes with StatReloader
INFO 2025-07-17 23:38:57,751 autoreload 10 140473719593856 Watching for file changes with StatReloader
INFO 2025-07-17 23:40:13,177 basehttp 10 140473641461440 "GET /api/profile/ HTTP/1.1" 200 174
INFO 2025-07-17 23:40:13,210 basehttp 10 140473641461440 "GET /api/profile/ HTTP/1.1" 200 174
INFO 2025-07-17 23:40:25,317 basehttp 10 140473641461440 "POST /api/auth/login/ HTTP/1.1" 200 101
INFO 2025-07-17 23:40:25,384 basehttp 10 140473641461440 "GET /api/tiles/ HTTP/1.1" 200 481
INFO 2025-07-17 23:40:25,452 basehttp 10 140473633068736 "GET /api/tiles/ HTTP/1.1" 200 481
INFO 2025-07-17 23:40:28,043 basehttp 10 140473641461440 "GET /api/friends/ HTTP/1.1" 200 732
INFO 2025-07-17 23:40:28,059 basehttp 10 140473633068736 "GET /api/tiles/ HTTP/1.1" 200 481
INFO 2025-07-17 23:40:28,061 basehttp 10 140473641461440 "GET /api/friends/ HTTP/1.1" 200 732
INFO 2025-07-17 23:40:28,091 basehttp 10 140473414973120 "GET /api/tiles/ HTTP/1.1" 200 481
INFO 2025-07-17 23:42:30,068 autoreload 10 139904648309632 Watching for file changes with StatReloader
INFO 2025-07-17 23:42:45,208 basehttp 10 139904569829056 "GET /api/friends/ HTTP/1.1" 200 732
INFO 2025-07-17 23:42:45,242 basehttp 10 139904561436352 "GET /api/friends/ HTTP/1.1" 200 732
INFO 2025-07-17 23:43:13,758 riot_api 10 139904561436352 Making Riot API request to: https://americas.api.riotgames.com/lol/match/v5/matches/by-puuid/5HKE2qWyQYq-mrzbt_--LKas7GROst-AxzpWM-cK-PLg8hc_0VfbWy0aL8-aPxEAke--wg1yQjhJFA/ids
INFO 2025-07-17 23:43:13,758 riot_api 10 139904561436352 Request parameters: {'count': 20}
DEBUG 2025-07-17 23:43:13,760 connectionpool 10 139904561436352 Starting new HTTPS connection (1): americas.api.riotgames.com:443
DEBUG 2025-07-17 23:43:14,192 connectionpool 10 139904561436352 https://americas.api.riotgames.com:443 "GET /lol/match/v5/matches/by-puuid/5HKE2qWyQYq-mrzbt_--LKas7GROst-AxzpWM-cK-PLg8hc_0VfbWy0aL8-aPxEAke--wg1yQjhJFA/ids?count=20 HTTP/1.1" 200 None
INFO 2025-07-17 23:43:14,193 riot_api 10 139904561436352 Riot API response status: 200
INFO 2025-07-17 23:43:14,194 riot_api 10 139904561436352 Riot API response data keys: Not a dict
INFO 2025-07-17 23:43:14,195 riot_api 10 139904561436352 Match IDs response type: <class 'list'>, content: ['NA1_5326964948', 'NA1_5326943036', 'NA1_5326927497', 'NA1_5326908007', 'NA1_5326892981', 'NA1_5326802168', 'NA1_5326784025', 'NA1_5326238113', 'NA1_5326206868', 'NA1_5326184328', 'NA1_5326169799', 'NA1_5326140973', 'NA1_5325603157', 'NA1_5325574870', 'NA1_5325532501', 'NA1_5325032806', 'NA1_5324997371', 'NA1_5324951719', 'NA1_5324920581', 'NA1_5324702435']
INFO 2025-07-17 23:43:14,196 riot_api 10 139904561436352 Making Riot API request to: https://americas.api.riotgames.com/lol/match/v5/matches/NA1_5326964948
DEBUG 2025-07-17 23:43:14,198 connectionpool 10 139904561436352 Starting new HTTPS connection (1): americas.api.riotgames.com:443
DEBUG 2025-07-17 23:43:14,581 connectionpool 10 139904561436352 https://americas.api.riotgames.com:443 "GET /lol/match/v5/matches/NA1_5326964948 HTTP/1.1" 200 None
INFO 2025-07-17 23:43:14,587 riot_api 10 139904561436352 Riot API response status: 200
INFO 2025-07-17 23:43:14,588 riot_api 10 139904561436352 Riot API response data keys: ['metadata', 'info']
ERROR 2025-07-17 23:43:14,591 log 10 139904561436352 Internal Server Error: /api/matches/refresh/5HKE2qWyQYq-mrzbt_--LKas7GROst-AxzpWM-cK-PLg8hc_0VfbWy0aL8-aPxEAke--wg1yQjhJFA/
ERROR 2025-07-17 23:43:14,592 basehttp 10 139904561436352 "POST /api/matches/refresh/5HKE2qWyQYq-mrzbt_--LKas7GROst-AxzpWM-cK-PLg8hc_0VfbWy0aL8-aPxEAke--wg1yQjhJFA/ HTTP/1.1" 500 259
INFO 2025-07-17 23:46:52,973 autoreload 10 139904648309632 /app/api/riot_api.py changed, reloading.
INFO 2025-07-17 23:46:53,991 autoreload 14 140456062901120 Watching for file changes with StatReloader
INFO 2025-07-17 23:47:12,609 autoreload 10 140175653370752 Watching for file changes with StatReloader
INFO 2025-07-17 23:47:33,242 basehttp 10 140175574296256 "GET /api/profile/ HTTP/1.1" 200 174
INFO 2025-07-17 23:47:33,274 basehttp 10 140175574296256 "GET /api/profile/ HTTP/1.1" 200 174
INFO 2025-07-17 23:47:37,207 basehttp 10 140175574296256 "POST /api/auth/login/ HTTP/1.1" 200 101
INFO 2025-07-17 23:47:37,260 basehttp 10 140175574296256 "GET /api/tiles/ HTTP/1.1" 200 481
INFO 2025-07-17 23:47:37,329 basehttp 10 140175565903552 "GET /api/tiles/ HTTP/1.1" 200 481
INFO 2025-07-17 23:47:39,262 basehttp 10 140175574296256 "GET /api/friends/ HTTP/1.1" 200 732
INFO 2025-07-17 23:47:39,276 basehttp 10 140175565903552 "GET /api/tiles/ HTTP/1.1" 200 481
INFO 2025-07-17 23:47:39,283 basehttp 10 140175557510848 "GET /api/friends/ HTTP/1.1" 200 732
INFO 2025-07-17 23:47:39,410 basehttp 10 140175574296256 "GET /api/tiles/ HTTP/1.1" 200 481
INFO 2025-07-17 23:47:41,088 basehttp 10 140175574296256 "GET /api/friends/ HTTP/1.1" 200 732
INFO 2025-07-17 23:47:41,106 basehttp 10 140175557510848 "GET /api/friends/ HTTP/1.1" 200 732
INFO 2025-07-17 23:47:42,818 riot_api 10 140175557510848 Making Riot API request to: https://americas.api.riotgames.com/lol/match/v5/matches/by-puuid/5HKE2qWyQYq-mrzbt_--LKas7GROst-AxzpWM-cK-PLg8hc_0VfbWy0aL8-aPxEAke--wg1yQjhJFA/ids
INFO 2025-07-17 23:47:42,819 riot_api 10 140175557510848 Request parameters: {'count': 20}
DEBUG 2025-07-17 23:47:42,829 connectionpool 10 140175557510848 Starting new HTTPS connection (1): americas.api.riotgames.com:443
DEBUG 2025-07-17 23:47:43,266 connectionpool 10 140175557510848 https://americas.api.riotgames.com:443 "GET /lol/match/v5/matches/by-puuid/5HKE2qWyQYq-mrzbt_--LKas7GROst-AxzpWM-cK-PLg8hc_0VfbWy0aL8-aPxEAke--wg1yQjhJFA/ids?count=20 HTTP/1.1" 200 None
INFO 2025-07-17 23:47:43,267 riot_api 10 140175557510848 Riot API response status: 200
INFO 2025-07-17 23:47:43,268 riot_api 10 140175557510848 Riot API response data keys: Not a dict
INFO 2025-07-17 23:47:43,270 riot_api 10 140175557510848 Match IDs response type: <class 'list'>, content: ['NA1_5326964948', 'NA1_5326943036', 'NA1_5326927497', 'NA1_5326908007', 'NA1_5326892981', 'NA1_5326802168', 'NA1_5326784025', 'NA1_5326238113', 'NA1_5326206868', 'NA1_5326184328', 'NA1_5326169799', 'NA1_5326140973', 'NA1_5325603157', 'NA1_5325574870', 'NA1_5325532501', 'NA1_5325032806', 'NA1_5324997371', 'NA1_5324951719', 'NA1_5324920581', 'NA1_5324702435']
INFO 2025-07-17 23:47:43,271 riot_api 10 140175557510848 Making Riot API request to: https://americas.api.riotgames.com/lol/match/v5/matches/NA1_5326964948
DEBUG 2025-07-17 23:47:43,273 connectionpool 10 140175557510848 Starting new HTTPS connection (1): americas.api.riotgames.com:443
DEBUG 2025-07-17 23:47:43,598 connectionpool 10 140175557510848 https://americas.api.riotgames.com:443 "GET /lol/match/v5/matches/NA1_5326964948 HTTP/1.1" 200 None
INFO 2025-07-17 23:47:43,603 riot_api 10 140175557510848 Riot API response status: 200
INFO 2025-07-17 23:47:43,604 riot_api 10 140175557510848 Riot API response data keys: ['metadata', 'info']
INFO 2025-07-17 23:47:43,661 riot_api 10 140175557510848 Making Riot API request to: https://americas.api.riotgames.com/lol/match/v5/matches/NA1_5326943036
DEBUG 2025-07-17 23:47:43,668 connectionpool 10 140175557510848 Starting new HTTPS connection (1): americas.api.riotgames.com:443
DEBUG 2025-07-17 23:47:44,025 connectionpool 10 140175557510848 https://americas.api.riotgames.com:443 "GET /lol/match/v5/matches/NA1_5326943036 HTTP/1.1" 200 None
INFO 2025-07-17 23:47:44,090 riot_api 10 140175557510848 Riot API response status: 200
INFO 2025-07-17 23:47:44,091 riot_api 10 140175557510848 Riot API response data keys: ['metadata', 'info']
INFO 2025-07-17 23:47:44,099 riot_api 10 140175557510848 Making Riot API request to: https://americas.api.riotgames.com/lol/match/v5/matches/NA1_5326927497
DEBUG 2025-07-17 23:47:44,100 connectionpool 10 140175557510848 Starting new HTTPS connection (1): americas.api.riotgames.com:443
DEBUG 2025-07-17 23:47:44,508 connectionpool 10 140175557510848 https://americas.api.riotgames.com:443 "GET /lol/match/v5/matches/NA1_5326927497 HTTP/1.1" 200 None
INFO 2025-07-17 23:47:44,514 riot_api 10 140175557510848 Riot API response status: 200
INFO 2025-07-17 23:47:44,515 riot_api 10 140175557510848 Riot API response data keys: ['metadata', 'info']
INFO 2025-07-17 23:47:44,523 riot_api 10 140175557510848 Making Riot API request to: https://americas.api.riotgames.com/lol/match/v5/matches/NA1_5326908007
DEBUG 2025-07-17 23:47:44,524 connectionpool 10 140175557510848 Starting new HTTPS connection (1): americas.api.riotgames.com:443
DEBUG 2025-07-17 23:47:44,784 connectionpool 10 140175557510848 https://americas.api.riotgames.com:443 "GET /lol/match/v5/matches/NA1_5326908007 HTTP/1.1" 200 None
INFO 2025-07-17 23:47:44,849 riot_api 10 140175557510848 Riot API response status: 200
INFO 2025-07-17 23:47:44,850 riot_api 10 140175557510848 Riot API response data keys: ['metadata', 'info']
INFO 2025-07-17 23:47:44,855 riot_api 10 140175557510848 Making Riot API request to: https://americas.api.riotgames.com/lol/match/v5/matches/NA1_5326892981
DEBUG 2025-07-17 23:47:44,856 connectionpool 10 140175557510848 Starting new HTTPS connection (1): americas.api.riotgames.com:443
DEBUG 2025-07-17 23:47:45,123 connectionpool 10 140175557510848 https://americas.api.riotgames.com:443 "GET /lol/match/v5/matches/NA1_5326892981 HTTP/1.1" 200 None
INFO 2025-07-17 23:47:45,129 riot_api 10 140175557510848 Riot API response status: 200
INFO 2025-07-17 23:47:45,130 riot_api 10 140175557510848 Riot API response data keys: ['metadata', 'info']
INFO 2025-07-17 23:47:45,140 riot_api 10 140175557510848 Making Riot API request to: https://americas.api.riotgames.com/lol/match/v5/matches/NA1_5326802168
DEBUG 2025-07-17 23:47:45,141 connectionpool 10 140175557510848 Starting new HTTPS connection (1): americas.api.riotgames.com:443
DEBUG 2025-07-17 23:47:45,374 connectionpool 10 140175557510848 https://americas.api.riotgames.com:443 "GET /lol/match/v5/matches/NA1_5326802168 HTTP/1.1" 200 None
INFO 2025-07-17 23:47:45,382 riot_api 10 140175557510848 Riot API response status: 200
INFO 2025-07-17 23:47:45,383 riot_api 10 140175557510848 Riot API response data keys: ['metadata', 'info']
INFO 2025-07-17 23:47:45,390 riot_api 10 140175557510848 Making Riot API request to: https://americas.api.riotgames.com/lol/match/v5/matches/NA1_5326784025
DEBUG 2025-07-17 23:47:45,391 connectionpool 10 140175557510848 Starting new HTTPS connection (1): americas.api.riotgames.com:443
DEBUG 2025-07-17 23:47:45,676 connectionpool 10 140175557510848 https://americas.api.riotgames.com:443 "GET /lol/match/v5/matches/NA1_5326784025 HTTP/1.1" 200 None
INFO 2025-07-17 23:47:45,681 riot_api 10 140175557510848 Riot API response status: 200
INFO 2025-07-17 23:47:45,682 riot_api 10 140175557510848 Riot API response data keys: ['metadata', 'info']
INFO 2025-07-17 23:47:45,688 riot_api 10 140175557510848 Making Riot API request to: https://americas.api.riotgames.com/lol/match/v5/matches/NA1_5326238113
DEBUG 2025-07-17 23:47:45,689 connectionpool 10 140175557510848 Starting new HTTPS connection (1): americas.api.riotgames.com:443
DEBUG 2025-07-17 23:47:45,947 connectionpool 10 140175557510848 https://americas.api.riotgames.com:443 "GET /lol/match/v5/matches/NA1_5326238113 HTTP/1.1" 200 None
INFO 2025-07-17 23:47:46,009 riot_api 10 140175557510848 Riot API response status: 200
INFO 2025-07-17 23:47:46,010 riot_api 10 140175557510848 Riot API response data keys: ['metadata', 'info']
INFO 2025-07-17 23:47:46,017 riot_api 10 140175557510848 Making Riot API request to: https://americas.api.riotgames.com/lol/match/v5/matches/NA1_5326206868
DEBUG 2025-07-17 23:47:46,018 connectionpool 10 140175557510848 Starting new HTTPS connection (1): americas.api.riotgames.com:443
DEBUG 2025-07-17 23:47:46,502 connectionpool 10 140175557510848 https://americas.api.riotgames.com:443 "GET /lol/match/v5/matches/NA1_5326206868 HTTP/1.1" 200 None
INFO 2025-07-17 23:47:46,506 riot_api 10 140175557510848 Riot API response status: 200
INFO 2025-07-17 23:47:46,507 riot_api 10 140175557510848 Riot API response data keys: ['metadata', 'info']
INFO 2025-07-17 23:47:46,514 riot_api 10 140175557510848 Making Riot API request to: https://americas.api.riotgames.com/lol/match/v5/matches/NA1_5326184328
DEBUG 2025-07-17 23:47:46,515 connectionpool 10 140175557510848 Starting new HTTPS connection (1): americas.api.riotgames.com:443
DEBUG 2025-07-17 23:47:46,854 connectionpool 10 140175557510848 https://americas.api.riotgames.com:443 "GET /lol/match/v5/matches/NA1_5326184328 HTTP/1.1" 200 None
INFO 2025-07-17 23:47:46,858 riot_api 10 140175557510848 Riot API response status: 200
INFO 2025-07-17 23:47:46,859 riot_api 10 140175557510848 Riot API response data keys: ['metadata', 'info']
INFO 2025-07-17 23:47:46,868 riot_api 10 140175557510848 Making Riot API request to: https://americas.api.riotgames.com/lol/match/v5/matches/NA1_5326169799
DEBUG 2025-07-17 23:47:46,869 connectionpool 10 140175557510848 Starting new HTTPS connection (1): americas.api.riotgames.com:443
DEBUG 2025-07-17 23:47:47,112 connectionpool 10 140175557510848 https://americas.api.riotgames.com:443 "GET /lol/match/v5/matches/NA1_5326169799 HTTP/1.1" 200 None
INFO 2025-07-17 23:47:47,119 riot_api 10 140175557510848 Riot API response status: 200
INFO 2025-07-17 23:47:47,120 riot_api 10 140175557510848 Riot API response data keys: ['metadata', 'info']
INFO 2025-07-17 23:47:47,126 riot_api 10 140175557510848 Making Riot API request to: https://americas.api.riotgames.com/lol/match/v5/matches/NA1_5326140973
DEBUG 2025-07-17 23:47:47,127 connectionpool 10 140175557510848 Starting new HTTPS connection (1): americas.api.riotgames.com:443
DEBUG 2025-07-17 23:47:47,420 connectionpool 10 140175557510848 https://americas.api.riotgames.com:443 "GET /lol/match/v5/matches/NA1_5326140973 HTTP/1.1" 200 None
INFO 2025-07-17 23:47:47,424 riot_api 10 140175557510848 Riot API response status: 200
INFO 2025-07-17 23:47:47,425 riot_api 10 140175557510848 Riot API response data keys: ['metadata', 'info']
INFO 2025-07-17 23:47:47,433 riot_api 10 140175557510848 Making Riot API request to: https://americas.api.riotgames.com/lol/match/v5/matches/NA1_5325603157
DEBUG 2025-07-17 23:47:47,434 connectionpool 10 140175557510848 Starting new HTTPS connection (1): americas.api.riotgames.com:443
DEBUG 2025-07-17 23:47:47,667 connectionpool 10 140175557510848 https://americas.api.riotgames.com:443 "GET /lol/match/v5/matches/NA1_5325603157 HTTP/1.1" 200 None
INFO 2025-07-17 23:47:47,670 riot_api 10 140175557510848 Riot API response status: 200
INFO 2025-07-17 23:47:47,671 riot_api 10 140175557510848 Riot API response data keys: ['metadata', 'info']
INFO 2025-07-17 23:47:47,677 riot_api 10 140175557510848 Making Riot API request to: https://americas.api.riotgames.com/lol/match/v5/matches/NA1_5325574870
DEBUG 2025-07-17 23:47:47,678 connectionpool 10 140175557510848 Starting new HTTPS connection (1): americas.api.riotgames.com:443
DEBUG 2025-07-17 23:47:47,949 connectionpool 10 140175557510848 https://americas.api.riotgames.com:443 "GET /lol/match/v5/matches/NA1_5325574870 HTTP/1.1" 200 None
INFO 2025-07-17 23:47:47,953 riot_api 10 140175557510848 Riot API response status: 200
INFO 2025-07-17 23:47:47,954 riot_api 10 140175557510848 Riot API response data keys: ['metadata', 'info']
INFO 2025-07-17 23:47:47,960 riot_api 10 140175557510848 Making Riot API request to: https://americas.api.riotgames.com/lol/match/v5/matches/NA1_5325532501
DEBUG 2025-07-17 23:47:47,961 connectionpool 10 140175557510848 Starting new HTTPS connection (1): americas.api.riotgames.com:443
DEBUG 2025-07-17 23:47:48,245 connectionpool 10 140175557510848 https://americas.api.riotgames.com:443 "GET /lol/match/v5/matches/NA1_5325532501 HTTP/1.1" 200 None
INFO 2025-07-17 23:47:48,252 riot_api 10 140175557510848 Riot API response status: 200
INFO 2025-07-17 23:47:48,253 riot_api 10 140175557510848 Riot API response data keys: ['metadata', 'info']
INFO 2025-07-17 23:47:48,259 riot_api 10 140175557510848 Making Riot API request to: https://americas.api.riotgames.com/lol/match/v5/matches/NA1_5325032806
DEBUG 2025-07-17 23:47:48,260 connectionpool 10 140175557510848 Starting new HTTPS connection (1): americas.api.riotgames.com:443
DEBUG 2025-07-17 23:47:48,521 connectionpool 10 140175557510848 https://americas.api.riotgames.com:443 "GET /lol/match/v5/matches/NA1_5325032806 HTTP/1.1" 200 None
INFO 2025-07-17 23:47:48,524 riot_api 10 140175557510848 Riot API response status: 200
INFO 2025-07-17 23:47:48,525 riot_api 10 140175557510848 Riot API response data keys: ['metadata', 'info']
INFO 2025-07-17 23:47:48,533 riot_api 10 140175557510848 Making Riot API request to: https://americas.api.riotgames.com/lol/match/v5/matches/NA1_5324997371
DEBUG 2025-07-17 23:47:48,534 connectionpool 10 140175557510848 Starting new HTTPS connection (1): americas.api.riotgames.com:443
DEBUG 2025-07-17 23:47:48,808 connectionpool 10 140175557510848 https://americas.api.riotgames.com:443 "GET /lol/match/v5/matches/NA1_5324997371 HTTP/1.1" 200 None
INFO 2025-07-17 23:47:48,814 riot_api 10 140175557510848 Riot API response status: 200
INFO 2025-07-17 23:47:48,815 riot_api 10 140175557510848 Riot API response data keys: ['metadata', 'info']
INFO 2025-07-17 23:47:48,820 riot_api 10 140175557510848 Making Riot API request to: https://americas.api.riotgames.com/lol/match/v5/matches/NA1_5324951719
DEBUG 2025-07-17 23:47:48,821 connectionpool 10 140175557510848 Starting new HTTPS connection (1): americas.api.riotgames.com:443
DEBUG 2025-07-17 23:47:49,061 connectionpool 10 140175557510848 https://americas.api.riotgames.com:443 "GET /lol/match/v5/matches/NA1_5324951719 HTTP/1.1" 200 None
INFO 2025-07-17 23:47:49,067 riot_api 10 140175557510848 Riot API response status: 200
INFO 2025-07-17 23:47:49,068 riot_api 10 140175557510848 Riot API response data keys: ['metadata', 'info']
INFO 2025-07-17 23:47:49,074 riot_api 10 140175557510848 Making Riot API request to: https://americas.api.riotgames.com/lol/match/v5/matches/NA1_5324920581
DEBUG 2025-07-17 23:47:49,074 connectionpool 10 140175557510848 Starting new HTTPS connection (1): americas.api.riotgames.com:443
DEBUG 2025-07-17 23:47:49,395 connectionpool 10 140175557510848 https://americas.api.riotgames.com:443 "GET /lol/match/v5/matches/NA1_5324920581 HTTP/1.1" 200 None
INFO 2025-07-17 23:47:49,396 riot_api 10 140175557510848 Riot API response status: 200
INFO 2025-07-17 23:47:49,397 riot_api 10 140175557510848 Riot API response data keys: ['metadata', 'info']
INFO 2025-07-17 23:47:49,403 riot_api 10 140175557510848 Making Riot API request to: https://americas.api.riotgames.com/lol/match/v5/matches/NA1_5324702435
DEBUG 2025-07-17 23:47:49,404 connectionpool 10 140175557510848 Starting new HTTPS connection (1): americas.api.riotgames.com:443
DEBUG 2025-07-17 23:47:49,681 connectionpool 10 140175557510848 https://americas.api.riotgames.com:443 "GET /lol/match/v5/matches/NA1_5324702435 HTTP/1.1" 200 None
INFO 2025-07-17 23:47:49,687 riot_api 10 140175557510848 Riot API response status: 200
INFO 2025-07-17 23:47:49,688 riot_api 10 140175557510848 Riot API response data keys: ['metadata', 'info']
INFO 2025-07-17 23:47:49,701 basehttp 10 140175557510848 "POST /api/matches/refresh/5HKE2qWyQYq-mrzbt_--LKas7GROst-AxzpWM-cK-PLg8hc_0VfbWy0aL8-aPxEAke--wg1yQjhJFA/ HTTP/1.1" 200 68
INFO 2025-07-17 23:47:58,832 basehttp 10 140175557510848 "GET /api/tiles/ HTTP/1.1" 200 496
INFO 2025-07-17 23:47:58,992 basehttp 10 140175574296256 "GET /api/tiles/ HTTP/1.1" 200 496
INFO 2025-07-17 23:48:41,196 basehttp 10 140175557510848 "GET /api/friends/ HTTP/1.1" 200 732
INFO 2025-07-17 23:48:41,219 basehttp 10 140175557510848 "GET /api/friends/ HTTP/1.1" 200 732
INFO 2025-07-17 23:48:41,395 basehttp 10 140175574296256 "GET /api/tiles/ HTTP/1.1" 200 496
INFO 2025-07-17 23:48:41,657 basehttp 10 140175557510848 "GET /api/tiles/ HTTP/1.1" 200 496
INFO 2025-07-17 23:49:14,046 basehttp 10 140175557510848 "POST /api/tiles/ HTTP/1.1" 201 671
INFO 2025-07-17 23:49:20,857 basehttp 10 140175557510848 "GET /api/friends/ HTTP/1.1" 200 732
INFO 2025-07-17 23:49:20,873 basehttp 10 140175574296256 "GET /api/friends/ HTTP/1.1" 200 732
INFO 2025-07-17 23:49:23,697 riot_api 10 140175557510848 Making Riot API request to: https://americas.api.riotgames.com/lol/match/v5/matches/by-puuid/gbgDQNvfnp3DlkXWekiHLH6dnIYS0ZC5TQiXxD0biTP1rhS1kjuiUj6k-Q95OKHxwuJsa4hM56Js1w/ids
INFO 2025-07-17 23:49:23,697 riot_api 10 140175557510848 Request parameters: {'count': 20}
DEBUG 2025-07-17 23:49:23,698 connectionpool 10 140175557510848 Starting new HTTPS connection (1): americas.api.riotgames.com:443
DEBUG 2025-07-17 23:49:24,172 connectionpool 10 140175557510848 https://americas.api.riotgames.com:443 "GET /lol/match/v5/matches/by-puuid/gbgDQNvfnp3DlkXWekiHLH6dnIYS0ZC5TQiXxD0biTP1rhS1kjuiUj6k-Q95OKHxwuJsa4hM56Js1w/ids?count=20 HTTP/1.1" 200 None
INFO 2025-07-17 23:49:24,173 riot_api 10 140175557510848 Riot API response status: 200
INFO 2025-07-17 23:49:24,173 riot_api 10 140175557510848 Riot API response data keys: Not a dict
INFO 2025-07-17 23:49:24,174 riot_api 10 140175557510848 Match IDs response type: <class 'list'>, content: ['NA1_5326802168', 'NA1_5326784025', 'NA1_5326743984', 'NA1_5326238113', 'NA1_5326206868', 'NA1_5325603157', 'NA1_5325574870', 'NA1_5325532501', 'NA1_5324951719', 'NA1_5324920581', 'NA1_5324702435', 'NA1_5324678595', 'NA1_5324356610', 'NA1_5324334250', 'NA1_5323614245', 'NA1_5323588187', 'NA1_5323567116', 'NA1_5323540323', 'NA1_5323523268', 'NA1_5323100655']
INFO 2025-07-17 23:49:24,178 riot_api 10 140175557510848 Making Riot API request to: https://americas.api.riotgames.com/lol/match/v5/matches/NA1_5326743984
DEBUG 2025-07-17 23:49:24,180 connectionpool 10 140175557510848 Starting new HTTPS connection (1): americas.api.riotgames.com:443
DEBUG 2025-07-17 23:49:24,440 connectionpool 10 140175557510848 https://americas.api.riotgames.com:443 "GET /lol/match/v5/matches/NA1_5326743984 HTTP/1.1" 200 None
INFO 2025-07-17 23:49:24,444 riot_api 10 140175557510848 Riot API response status: 200
INFO 2025-07-17 23:49:24,445 riot_api 10 140175557510848 Riot API response data keys: ['metadata', 'info']
INFO 2025-07-17 23:49:24,454 riot_api 10 140175557510848 Making Riot API request to: https://americas.api.riotgames.com/lol/match/v5/matches/NA1_5324678595
DEBUG 2025-07-17 23:49:24,455 connectionpool 10 140175557510848 Starting new HTTPS connection (1): americas.api.riotgames.com:443
DEBUG 2025-07-17 23:49:24,766 connectionpool 10 140175557510848 https://americas.api.riotgames.com:443 "GET /lol/match/v5/matches/NA1_5324678595 HTTP/1.1" 200 None
INFO 2025-07-17 23:49:24,774 riot_api 10 140175557510848 Riot API response status: 200
INFO 2025-07-17 23:49:24,775 riot_api 10 140175557510848 Riot API response data keys: ['metadata', 'info']
INFO 2025-07-17 23:49:24,781 riot_api 10 140175557510848 Making Riot API request to: https://americas.api.riotgames.com/lol/match/v5/matches/NA1_5324356610
DEBUG 2025-07-17 23:49:24,782 connectionpool 10 140175557510848 Starting new HTTPS connection (1): americas.api.riotgames.com:443
DEBUG 2025-07-17 23:49:25,029 connectionpool 10 140175557510848 https://americas.api.riotgames.com:443 "GET /lol/match/v5/matches/NA1_5324356610 HTTP/1.1" 200 None
INFO 2025-07-17 23:49:25,035 riot_api 10 140175557510848 Riot API response status: 200
INFO 2025-07-17 23:49:25,037 riot_api 10 140175557510848 Riot API response data keys: ['metadata', 'info']
INFO 2025-07-17 23:49:25,043 riot_api 10 140175557510848 Making Riot API request to: https://americas.api.riotgames.com/lol/match/v5/matches/NA1_5324334250
DEBUG 2025-07-17 23:49:25,044 connectionpool 10 140175557510848 Starting new HTTPS connection (1): americas.api.riotgames.com:443
DEBUG 2025-07-17 23:49:25,286 connectionpool 10 140175557510848 https://americas.api.riotgames.com:443 "GET /lol/match/v5/matches/NA1_5324334250 HTTP/1.1" 200 None
INFO 2025-07-17 23:49:25,290 riot_api 10 140175557510848 Riot API response status: 200
INFO 2025-07-17 23:49:25,290 riot_api 10 140175557510848 Riot API response data keys: ['metadata', 'info']
INFO 2025-07-17 23:49:25,296 riot_api 10 140175557510848 Making Riot API request to: https://americas.api.riotgames.com/lol/match/v5/matches/NA1_5323614245
DEBUG 2025-07-17 23:49:25,297 connectionpool 10 140175557510848 Starting new HTTPS connection (1): americas.api.riotgames.com:443
DEBUG 2025-07-17 23:49:25,605 connectionpool 10 140175557510848 https://americas.api.riotgames.com:443 "GET /lol/match/v5/matches/NA1_5323614245 HTTP/1.1" 200 None
INFO 2025-07-17 23:49:25,610 riot_api 10 140175557510848 Riot API response status: 200
INFO 2025-07-17 23:49:25,611 riot_api 10 140175557510848 Riot API response data keys: ['metadata', 'info']
INFO 2025-07-17 23:49:25,616 riot_api 10 140175557510848 Making Riot API request to: https://americas.api.riotgames.com/lol/match/v5/matches/NA1_5323588187
DEBUG 2025-07-17 23:49:25,617 connectionpool 10 140175557510848 Starting new HTTPS connection (1): americas.api.riotgames.com:443
DEBUG 2025-07-17 23:49:25,953 connectionpool 10 140175557510848 https://americas.api.riotgames.com:443 "GET /lol/match/v5/matches/NA1_5323588187 HTTP/1.1" 200 None
INFO 2025-07-17 23:49:26,006 riot_api 10 140175557510848 Riot API response status: 200
INFO 2025-07-17 23:49:26,007 riot_api 10 140175557510848 Riot API response data keys: ['metadata', 'info']
INFO 2025-07-17 23:49:26,013 riot_api 10 140175557510848 Making Riot API request to: https://americas.api.riotgames.com/lol/match/v5/matches/NA1_5323567116
DEBUG 2025-07-17 23:49:26,013 connectionpool 10 140175557510848 Starting new HTTPS connection (1): americas.api.riotgames.com:443
DEBUG 2025-07-17 23:49:26,323 connectionpool 10 140175557510848 https://americas.api.riotgames.com:443 "GET /lol/match/v5/matches/NA1_5323567116 HTTP/1.1" 200 None
INFO 2025-07-17 23:49:26,385 riot_api 10 140175557510848 Riot API response status: 200
INFO 2025-07-17 23:49:26,386 riot_api 10 140175557510848 Riot API response data keys: ['metadata', 'info']
INFO 2025-07-17 23:49:26,391 riot_api 10 140175557510848 Making Riot API request to: https://americas.api.riotgames.com/lol/match/v5/matches/NA1_5323540323
DEBUG 2025-07-17 23:49:26,392 connectionpool 10 140175557510848 Starting new HTTPS connection (1): americas.api.riotgames.com:443
DEBUG 2025-07-17 23:49:26,776 connectionpool 10 140175557510848 https://americas.api.riotgames.com:443 "GET /lol/match/v5/matches/NA1_5323540323 HTTP/1.1" 200 None
INFO 2025-07-17 23:49:26,783 riot_api 10 140175557510848 Riot API response status: 200
INFO 2025-07-17 23:49:26,784 riot_api 10 140175557510848 Riot API response data keys: ['metadata', 'info']
INFO 2025-07-17 23:49:26,790 riot_api 10 140175557510848 Making Riot API request to: https://americas.api.riotgames.com/lol/match/v5/matches/NA1_5323523268
DEBUG 2025-07-17 23:49:26,791 connectionpool 10 140175557510848 Starting new HTTPS connection (1): americas.api.riotgames.com:443
DEBUG 2025-07-17 23:49:27,053 connectionpool 10 140175557510848 https://americas.api.riotgames.com:443 "GET /lol/match/v5/matches/NA1_5323523268 HTTP/1.1" 200 None
INFO 2025-07-17 23:49:27,110 riot_api 10 140175557510848 Riot API response status: 200
INFO 2025-07-17 23:49:27,111 riot_api 10 140175557510848 Riot API response data keys: ['metadata', 'info']
INFO 2025-07-17 23:49:27,117 riot_api 10 140175557510848 Making Riot API request to: https://americas.api.riotgames.com/lol/match/v5/matches/NA1_5323100655
DEBUG 2025-07-17 23:49:27,118 connectionpool 10 140175557510848 Starting new HTTPS connection (1): americas.api.riotgames.com:443
DEBUG 2025-07-17 23:49:27,431 connectionpool 10 140175557510848 https://americas.api.riotgames.com:443 "GET /lol/match/v5/matches/NA1_5323100655 HTTP/1.1" 200 None
INFO 2025-07-17 23:49:27,440 riot_api 10 140175557510848 Riot API response status: 200
INFO 2025-07-17 23:49:27,441 riot_api 10 140175557510848 Riot API response data keys: ['metadata', 'info']
INFO 2025-07-17 23:49:27,452 basehttp 10 140175557510848 "POST /api/matches/refresh/gbgDQNvfnp3DlkXWekiHLH6dnIYS0ZC5TQiXxD0biTP1rhS1kjuiUj6k-Q95OKHxwuJsa4hM56Js1w/ HTTP/1.1" 200 68
INFO 2025-07-17 23:49:35,467 riot_api 10 140175557510848 Making Riot API request to: https://americas.api.riotgames.com/lol/match/v5/matches/by-puuid/dWPwP9-RErPr_kqPU3mbmj7H69M3lvx4M-lb0tLTXDKwF_xIUqBZBn8MklI-etNgg5cl8bJ2pTwywg/ids
INFO 2025-07-17 23:49:35,468 riot_api 10 140175557510848 Request parameters: {'count': 20}
DEBUG 2025-07-17 23:49:35,469 connectionpool 10 140175557510848 Starting new HTTPS connection (1): americas.api.riotgames.com:443
DEBUG 2025-07-17 23:49:35,633 connectionpool 10 140175557510848 https://americas.api.riotgames.com:443 "GET /lol/match/v5/matches/by-puuid/dWPwP9-RErPr_kqPU3mbmj7H69M3lvx4M-lb0tLTXDKwF_xIUqBZBn8MklI-etNgg5cl8bJ2pTwywg/ids?count=20 HTTP/1.1" 200 None
INFO 2025-07-17 23:49:35,634 riot_api 10 140175557510848 Riot API response status: 200
INFO 2025-07-17 23:49:35,635 riot_api 10 140175557510848 Riot API response data keys: Not a dict
INFO 2025-07-17 23:49:35,636 riot_api 10 140175557510848 Match IDs response type: <class 'list'>, content: ['NA1_5326238113', 'NA1_5326206868', 'NA1_5326184328', 'NA1_5326169799', 'NA1_5326140973', 'NA1_5326125155', 'NA1_5325603157', 'NA1_5325574870', 'NA1_5325532501', 'NA1_5325502639', 'NA1_5325044546', 'NA1_5325032806', 'NA1_5324997371', 'NA1_5324951719', 'NA1_5324920581', 'NA1_5324878738', 'NA1_5324849545', 'NA1_5324819491', 'NA1_5324798219', 'NA1_5324702435']
INFO 2025-07-17 23:49:35,640 riot_api 10 140175557510848 Making Riot API request to: https://americas.api.riotgames.com/lol/match/v5/matches/NA1_5326125155
DEBUG 2025-07-17 23:49:35,641 connectionpool 10 140175557510848 Starting new HTTPS connection (1): americas.api.riotgames.com:443
DEBUG 2025-07-17 23:49:35,934 connectionpool 10 140175557510848 https://americas.api.riotgames.com:443 "GET /lol/match/v5/matches/NA1_5326125155 HTTP/1.1" 200 None
INFO 2025-07-17 23:49:35,939 riot_api 10 140175557510848 Riot API response status: 200
INFO 2025-07-17 23:49:35,941 riot_api 10 140175557510848 Riot API response data keys: ['metadata', 'info']
INFO 2025-07-17 23:49:35,950 riot_api 10 140175557510848 Making Riot API request to: https://americas.api.riotgames.com/lol/match/v5/matches/NA1_5325502639
DEBUG 2025-07-17 23:49:35,958 connectionpool 10 140175557510848 Starting new HTTPS connection (1): americas.api.riotgames.com:443
DEBUG 2025-07-17 23:49:36,328 connectionpool 10 140175557510848 https://americas.api.riotgames.com:443 "GET /lol/match/v5/matches/NA1_5325502639 HTTP/1.1" 200 None
INFO 2025-07-17 23:49:36,331 riot_api 10 140175557510848 Riot API response status: 200
INFO 2025-07-17 23:49:36,332 riot_api 10 140175557510848 Riot API response data keys: ['metadata', 'info']
INFO 2025-07-17 23:49:36,338 riot_api 10 140175557510848 Making Riot API request to: https://americas.api.riotgames.com/lol/match/v5/matches/NA1_5325044546
DEBUG 2025-07-17 23:49:36,338 connectionpool 10 140175557510848 Starting new HTTPS connection (1): americas.api.riotgames.com:443
DEBUG 2025-07-17 23:49:36,573 connectionpool 10 140175557510848 https://americas.api.riotgames.com:443 "GET /lol/match/v5/matches/NA1_5325044546 HTTP/1.1" 200 None
INFO 2025-07-17 23:49:36,643 riot_api 10 140175557510848 Riot API response status: 200
INFO 2025-07-17 23:49:36,644 riot_api 10 140175557510848 Riot API response data keys: ['metadata', 'info']
INFO 2025-07-17 23:49:36,652 riot_api 10 140175557510848 Making Riot API request to: https://americas.api.riotgames.com/lol/match/v5/matches/NA1_5324878738
DEBUG 2025-07-17 23:49:36,653 connectionpool 10 140175557510848 Starting new HTTPS connection (1): americas.api.riotgames.com:443
DEBUG 2025-07-17 23:49:36,938 connectionpool 10 140175557510848 https://americas.api.riotgames.com:443 "GET /lol/match/v5/matches/NA1_5324878738 HTTP/1.1" 200 None
INFO 2025-07-17 23:49:36,938 riot_api 10 140175557510848 Riot API response status: 200
INFO 2025-07-17 23:49:36,939 riot_api 10 140175557510848 Riot API response data keys: ['metadata', 'info']
INFO 2025-07-17 23:49:36,945 riot_api 10 140175557510848 Making Riot API request to: https://americas.api.riotgames.com/lol/match/v5/matches/NA1_5324849545
DEBUG 2025-07-17 23:49:36,946 connectionpool 10 140175557510848 Starting new HTTPS connection (1): americas.api.riotgames.com:443
DEBUG 2025-07-17 23:49:37,199 connectionpool 10 140175557510848 https://americas.api.riotgames.com:443 "GET /lol/match/v5/matches/NA1_5324849545 HTTP/1.1" 200 None
INFO 2025-07-17 23:49:37,204 riot_api 10 140175557510848 Riot API response status: 200
INFO 2025-07-17 23:49:37,205 riot_api 10 140175557510848 Riot API response data keys: ['metadata', 'info']
INFO 2025-07-17 23:49:37,210 riot_api 10 140175557510848 Making Riot API request to: https://americas.api.riotgames.com/lol/match/v5/matches/NA1_5324819491
DEBUG 2025-07-17 23:49:37,211 connectionpool 10 140175557510848 Starting new HTTPS connection (1): americas.api.riotgames.com:443
DEBUG 2025-07-17 23:49:37,501 connectionpool 10 140175557510848 https://americas.api.riotgames.com:443 "GET /lol/match/v5/matches/NA1_5324819491 HTTP/1.1" 200 None
INFO 2025-07-17 23:49:37,507 riot_api 10 140175557510848 Riot API response status: 200
INFO 2025-07-17 23:49:37,508 riot_api 10 140175557510848 Riot API response data keys: ['metadata', 'info']
INFO 2025-07-17 23:49:37,513 riot_api 10 140175557510848 Making Riot API request to: https://americas.api.riotgames.com/lol/match/v5/matches/NA1_5324798219
DEBUG 2025-07-17 23:49:37,514 connectionpool 10 140175557510848 Starting new HTTPS connection (1): americas.api.riotgames.com:443
DEBUG 2025-07-17 23:49:37,769 connectionpool 10 140175557510848 https://americas.api.riotgames.com:443 "GET /lol/match/v5/matches/NA1_5324798219 HTTP/1.1" 200 None
INFO 2025-07-17 23:49:37,774 riot_api 10 140175557510848 Riot API response status: 200
INFO 2025-07-17 23:49:37,775 riot_api 10 140175557510848 Riot API response data keys: ['metadata', 'info']
INFO 2025-07-17 23:49:37,786 basehttp 10 140175557510848 "POST /api/matches/refresh/dWPwP9-RErPr_kqPU3mbmj7H69M3lvx4M-lb0tLTXDKwF_xIUqBZBn8MklI-etNgg5cl8bJ2pTwywg/ HTTP/1.1" 200 66
INFO 2025-07-17 23:49:41,045 riot_api 10 140175557510848 Making Riot API request to: https://americas.api.riotgames.com/lol/match/v5/matches/by-puuid/5HKE2qWyQYq-mrzbt_--LKas7GROst-AxzpWM-cK-PLg8hc_0VfbWy0aL8-aPxEAke--wg1yQjhJFA/ids
INFO 2025-07-17 23:49:41,046 riot_api 10 140175557510848 Request parameters: {'count': 20}
DEBUG 2025-07-17 23:49:41,047 connectionpool 10 140175557510848 Starting new HTTPS connection (1): americas.api.riotgames.com:443
DEBUG 2025-07-17 23:49:41,288 connectionpool 10 140175557510848 https://americas.api.riotgames.com:443 "GET /lol/match/v5/matches/by-puuid/5HKE2qWyQYq-mrzbt_--LKas7GROst-AxzpWM-cK-PLg8hc_0VfbWy0aL8-aPxEAke--wg1yQjhJFA/ids?count=20 HTTP/1.1" 200 None
INFO 2025-07-17 23:49:41,288 riot_api 10 140175557510848 Riot API response status: 200
INFO 2025-07-17 23:49:41,288 riot_api 10 140175557510848 Riot API response data keys: Not a dict
INFO 2025-07-17 23:49:41,289 riot_api 10 140175557510848 Match IDs response type: <class 'list'>, content: ['NA1_5326964948', 'NA1_5326943036', 'NA1_5326927497', 'NA1_5326908007', 'NA1_5326892981', 'NA1_5326802168', 'NA1_5326784025', 'NA1_5326238113', 'NA1_5326206868', 'NA1_5326184328', 'NA1_5326169799', 'NA1_5326140973', 'NA1_5325603157', 'NA1_5325574870', 'NA1_5325532501', 'NA1_5325032806', 'NA1_5324997371', 'NA1_5324951719', 'NA1_5324920581', 'NA1_5324702435']
INFO 2025-07-17 23:49:41,305 basehttp 10 140175557510848 "POST /api/matches/refresh/5HKE2qWyQYq-mrzbt_--LKas7GROst-AxzpWM-cK-PLg8hc_0VfbWy0aL8-aPxEAke--wg1yQjhJFA/ HTTP/1.1" 200 66
INFO 2025-07-17 23:49:44,789 basehttp 10 140175574296256 "GET /api/friends/ HTTP/1.1" 200 732
INFO 2025-07-17 23:49:44,817 basehttp 10 140175574296256 "GET /api/friends/ HTTP/1.1" 200 732
INFO 2025-07-17 23:49:45,247 basehttp 10 140175557510848 "GET /api/tiles/ HTTP/1.1" 200 1171
INFO 2025-07-17 23:49:45,655 basehttp 10 140175574296256 "GET /api/tiles/ HTTP/1.1" 200 1171
INFO 2025-07-17 23:51:12,594 autoreload 10 140175653370752 /app/core/models.py changed, reloading.
INFO 2025-07-17 23:51:13,857 autoreload 19 139936478514048 Watching for file changes with StatReloader
INFO 2025-07-17 23:51:28,873 autoreload 19 139936478514048 /app/api/riot_api.py changed, reloading.
INFO 2025-07-17 23:51:29,586 autoreload 21 140600164793216 Watching for file changes with StatReloader
INFO 2025-07-17 23:51:31,137 basehttp 21 140600086095552 "GET /api/friends/ HTTP/1.1" 200 732
INFO 2025-07-17 23:51:31,157 basehttp 21 140600077702848 "GET /api/friends/ HTTP/1.1" 200 732
INFO 2025-07-17 23:51:39,900 autoreload 21 140600164793216 /app/api/serializers.py changed, reloading.
INFO 2025-07-17 23:51:40,410 autoreload 25 140117212212096 Watching for file changes with StatReloader
INFO 2025-07-17 23:51:47,984 autoreload 25 140117212212096 /app/api/urls.py changed, reloading.
INFO 2025-07-17 23:51:48,419 autoreload 27 139781235182464 Watching for file changes with StatReloader
INFO 2025-07-17 23:51:55,066 autoreload 27 139781235182464 /app/api/views.py changed, reloading.
INFO 2025-07-17 23:51:55,533 autoreload 29 140495374179200 Watching for file changes with StatReloader
INFO 2025-07-17 23:54:48,815 autoreload 10 140217802640256 Watching for file changes with StatReloader
INFO 2025-07-17 23:55:11,694 basehttp 10 140217724954304 "GET /api/profile/ HTTP/1.1" 200 199
INFO 2025-07-17 23:55:11,716 basehttp 10 140217715513024 "GET /api/profile/ HTTP/1.1" 200 199
INFO 2025-07-17 23:55:21,226 basehttp 10 140217715513024 "POST /api/auth/login/ HTTP/1.1" 200 101
INFO 2025-07-17 23:55:21,658 basehttp 10 140217715513024 "GET /api/tiles/ HTTP/1.1" 200 1171
INFO 2025-07-17 23:55:22,016 basehttp 10 140217724954304 "GET /api/tiles/ HTTP/1.1" 200 1171
INFO 2025-07-17 23:55:29,001 basehttp 10 140217715513024 "GET /api/friends/ HTTP/1.1" 200 732
INFO 2025-07-17 23:55:29,021 basehttp 10 140217724954304 "GET /api/friends/ HTTP/1.1" 200 732
INFO 2025-07-17 23:55:32,724 basehttp 10 140217715513024 "GET /api/friends/ HTTP/1.1" 200 732
INFO 2025-07-17 23:55:32,757 basehttp 10 140217702926016 "GET /api/friends/ HTTP/1.1" 200 732
INFO 2025-07-17 23:55:33,293 basehttp 10 140217724954304 "GET /api/tiles/ HTTP/1.1" 200 1171
INFO 2025-07-17 23:55:33,692 basehttp 10 140217702926016 "GET /api/tiles/ HTTP/1.1" 200 1171
INFO 2025-07-17 23:56:02,701 basehttp 10 140217702926016 "POST /api/tiles/ HTTP/1.1" 201 658
INFO 2025-07-17 23:56:09,605 basehttp 10 140217702926016 "GET /api/tiles/ HTTP/1.1" 200 1830
INFO 2025-07-17 23:56:10,222 basehttp 10 140217724954304 "GET /api/tiles/ HTTP/1.1" 200 1830
INFO 2025-07-17 23:56:25,438 basehttp 10 140217702926016 "GET /api/friends/ HTTP/1.1" 200 732
INFO 2025-07-17 23:56:25,462 basehttp 10 140217715513024 "GET /api/friends/ HTTP/1.1" 200 732
INFO 2025-07-17 23:56:26,064 basehttp 10 140217724954304 "GET /api/tiles/ HTTP/1.1" 200 1830
INFO 2025-07-17 23:56:26,608 basehttp 10 140217715513024 "GET /api/tiles/ HTTP/1.1" 200 1830
INFO 2025-07-17 23:57:17,917 basehttp 10 140217690339008 "OPTIONS /api/tiles/7/ HTTP/1.1" 200 0
INFO 2025-07-17 23:57:18,158 basehttp 10 140217715513024 "PUT /api/tiles/7/ HTTP/1.1" 200 668
INFO 2025-07-17 23:57:39,663 basehttp 10 140217715513024 "POST /api/tiles/ HTTP/1.1" 201 670
INFO 2025-07-17 23:58:16,071 autoreload 10 140217802640256 /app/api/views.py changed, reloading.
INFO 2025-07-17 23:58:16,996 autoreload 20 140450666048384 Watching for file changes with StatReloader
INFO 2025-07-17 23:58:24,822 autoreload 20 140450666048384 /app/core/models.py changed, reloading.
INFO 2025-07-17 23:58:25,279 autoreload 22 139674848242560 Watching for file changes with StatReloader
INFO 2025-07-17 23:58:30,824 autoreload 22 139674848242560 /app/api/serializers.py changed, reloading.
INFO 2025-07-17 23:58:31,289 autoreload 24 139754966375296 Watching for file changes with StatReloader
INFO 2025-07-17 23:58:38,917 autoreload 24 139754966375296 /app/api/views.py changed, reloading.
INFO 2025-07-17 23:58:39,401 autoreload 26 140404730039168 Watching for file changes with StatReloader
ERROR 2025-07-17 23:59:33,119 log 26 140404651452096 Internal Server Error: /api/tiles/
Traceback (most recent call last):
  File "/usr/local/lib/python3.11/site-packages/django/db/backends/utils.py", line 89, in _execute
    return self.cursor.execute(sql, params)
           ^^^^^^^^^^^^^^^^^^^^^^^^^^^^^^^^
psycopg2.errors.UndefinedColumn: column core_friend.match_count does not exist
LINE 1: ..."core_friend"."tag_line", "core_friend"."region", "core_frie...
                                                             ^


The above exception was the direct cause of the following exception:

Traceback (most recent call last):
  File "/usr/local/lib/python3.11/site-packages/django/core/handlers/exception.py", line 55, in inner
    response = get_response(request)
               ^^^^^^^^^^^^^^^^^^^^^
  File "/usr/local/lib/python3.11/site-packages/django/core/handlers/base.py", line 197, in _get_response
    response = wrapped_callback(request, *callback_args, **callback_kwargs)
               ^^^^^^^^^^^^^^^^^^^^^^^^^^^^^^^^^^^^^^^^^^^^^^^^^^^^^^^^^^^^
  File "/usr/local/lib/python3.11/site-packages/django/views/decorators/csrf.py", line 56, in wrapper_view
    return view_func(*args, **kwargs)
           ^^^^^^^^^^^^^^^^^^^^^^^^^^
  File "/usr/local/lib/python3.11/site-packages/django/views/generic/base.py", line 104, in view
    return self.dispatch(request, *args, **kwargs)
           ^^^^^^^^^^^^^^^^^^^^^^^^^^^^^^^^^^^^^^^
  File "/usr/local/lib/python3.11/site-packages/rest_framework/views.py", line 509, in dispatch
    response = self.handle_exception(exc)
               ^^^^^^^^^^^^^^^^^^^^^^^^^^
  File "/usr/local/lib/python3.11/site-packages/rest_framework/views.py", line 469, in handle_exception
    self.raise_uncaught_exception(exc)
  File "/usr/local/lib/python3.11/site-packages/rest_framework/views.py", line 480, in raise_uncaught_exception
    raise exc
  File "/usr/local/lib/python3.11/site-packages/rest_framework/views.py", line 506, in dispatch
    response = handler(request, *args, **kwargs)
               ^^^^^^^^^^^^^^^^^^^^^^^^^^^^^^^^^
  File "/usr/local/lib/python3.11/site-packages/rest_framework/generics.py", line 242, in post
    return self.create(request, *args, **kwargs)
           ^^^^^^^^^^^^^^^^^^^^^^^^^^^^^^^^^^^^^
  File "/usr/local/lib/python3.11/site-packages/rest_framework/mixins.py", line 18, in create
    serializer.is_valid(raise_exception=True)
  File "/usr/local/lib/python3.11/site-packages/rest_framework/serializers.py", line 227, in is_valid
    self._validated_data = self.run_validation(self.initial_data)
                           ^^^^^^^^^^^^^^^^^^^^^^^^^^^^^^^^^^^^^^
  File "/usr/local/lib/python3.11/site-packages/rest_framework/serializers.py", line 426, in run_validation
    value = self.to_internal_value(data)
            ^^^^^^^^^^^^^^^^^^^^^^^^^^^^
  File "/usr/local/lib/python3.11/site-packages/rest_framework/serializers.py", line 483, in to_internal_value
    validated_value = field.run_validation(primitive_value)
                      ^^^^^^^^^^^^^^^^^^^^^^^^^^^^^^^^^^^^^
  File "/usr/local/lib/python3.11/site-packages/rest_framework/fields.py", line 547, in run_validation
    value = self.to_internal_value(data)
            ^^^^^^^^^^^^^^^^^^^^^^^^^^^^
  File "/usr/local/lib/python3.11/site-packages/rest_framework/relations.py", line 528, in to_internal_value
    return [
           ^
  File "/usr/local/lib/python3.11/site-packages/rest_framework/relations.py", line 529, in <listcomp>
    self.child_relation.to_internal_value(item)
  File "/usr/local/lib/python3.11/site-packages/rest_framework/relations.py", line 264, in to_internal_value
    return queryset.get(pk=data)
           ^^^^^^^^^^^^^^^^^^^^^
  File "/usr/local/lib/python3.11/site-packages/django/db/models/query.py", line 633, in get
    num = len(clone)
          ^^^^^^^^^^
  File "/usr/local/lib/python3.11/site-packages/django/db/models/query.py", line 380, in __len__
    self._fetch_all()
  File "/usr/local/lib/python3.11/site-packages/django/db/models/query.py", line 1881, in _fetch_all
    self._result_cache = list(self._iterable_class(self))
                         ^^^^^^^^^^^^^^^^^^^^^^^^^^^^^^^^
  File "/usr/local/lib/python3.11/site-packages/django/db/models/query.py", line 91, in __iter__
    results = compiler.execute_sql(
              ^^^^^^^^^^^^^^^^^^^^^
  File "/usr/local/lib/python3.11/site-packages/django/db/models/sql/compiler.py", line 1562, in execute_sql
    cursor.execute(sql, params)
  File "/usr/local/lib/python3.11/site-packages/django/db/backends/utils.py", line 102, in execute
    return super().execute(sql, params)
           ^^^^^^^^^^^^^^^^^^^^^^^^^^^^
  File "/usr/local/lib/python3.11/site-packages/django/db/backends/utils.py", line 67, in execute
    return self._execute_with_wrappers(
           ^^^^^^^^^^^^^^^^^^^^^^^^^^^^
  File "/usr/local/lib/python3.11/site-packages/django/db/backends/utils.py", line 80, in _execute_with_wrappers
    return executor(sql, params, many, context)
           ^^^^^^^^^^^^^^^^^^^^^^^^^^^^^^^^^^^^
  File "/usr/local/lib/python3.11/site-packages/django/db/backends/utils.py", line 84, in _execute
    with self.db.wrap_database_errors:
  File "/usr/local/lib/python3.11/site-packages/django/db/utils.py", line 91, in __exit__
    raise dj_exc_value.with_traceback(traceback) from exc_value
  File "/usr/local/lib/python3.11/site-packages/django/db/backends/utils.py", line 89, in _execute
    return self.cursor.execute(sql, params)
           ^^^^^^^^^^^^^^^^^^^^^^^^^^^^^^^^
django.db.utils.ProgrammingError: column core_friend.match_count does not exist
LINE 1: ..."core_friend"."tag_line", "core_friend"."region", "core_frie...
                                                             ^

ERROR 2025-07-17 23:59:33,126 basehttp 26 140404651452096 "POST /api/tiles/ HTTP/1.1" 500 185894
INFO 2025-07-18 00:00:35,903 basehttp 26 140404640962240 "OPTIONS /api/tiles/6/ HTTP/1.1" 200 0
INFO 2025-07-18 00:00:35,931 basehttp 26 140404651452096 "DELETE /api/tiles/6/ HTTP/1.1" 204 0
INFO 2025-07-18 00:00:54,382 basehttp 26 140404651452096 "POST /api/tiles/ HTTP/1.1" 201 720
INFO 2025-07-18 00:01:01,936 autoreload 10 140295062928256 Watching for file changes with StatReloader
INFO 2025-07-18 00:01:34,793 basehttp 10 140294984033984 "GET /api/profile/ HTTP/1.1" 200 199
INFO 2025-07-18 00:01:34,828 basehttp 10 140294984033984 "GET /api/profile/ HTTP/1.1" 200 199
INFO 2025-07-18 00:01:38,566 basehttp 10 140294984033984 "POST /api/auth/login/ HTTP/1.1" 200 101
INFO 2025-07-18 00:01:39,418 basehttp 10 140294984033984 "GET /api/tiles/ HTTP/1.1" 200 2645
INFO 2025-07-18 00:01:40,301 basehttp 10 140294905394880 "GET /api/tiles/ HTTP/1.1" 200 2645
INFO 2025-07-18 00:01:45,848 basehttp 10 140294905394880 "GET /api/friends/ HTTP/1.1" 200 783
INFO 2025-07-18 00:01:45,867 basehttp 10 140294984033984 "GET /api/friends/ HTTP/1.1" 200 783
INFO 2025-07-18 00:01:48,125 basehttp 10 140294905394880 "GET /api/friends/ HTTP/1.1" 200 783
INFO 2025-07-18 00:01:48,183 basehttp 10 140294905394880 "GET /api/friends/ HTTP/1.1" 200 783
INFO 2025-07-18 00:01:49,263 basehttp 10 140294984033984 "GET /api/tiles/ HTTP/1.1" 200 2645
INFO 2025-07-18 00:01:50,151 basehttp 10 140294905394880 "GET /api/tiles/ HTTP/1.1" 200 2645
INFO 2025-07-18 00:01:56,692 basehttp 10 140294905394880 "GET /api/friends/ HTTP/1.1" 200 783
INFO 2025-07-18 00:01:56,709 basehttp 10 140294984033984 "GET /api/friends/ HTTP/1.1" 200 783
INFO 2025-07-18 00:04:03,017 autoreload 10 140156367661952 Watching for file changes with StatReloader
INFO 2025-07-18 00:04:56,196 basehttp 10 140156288886464 "GET /api/profile/ HTTP/1.1" 200 199
INFO 2025-07-18 00:04:56,222 basehttp 10 140156280493760 "GET /api/profile/ HTTP/1.1" 200 199
INFO 2025-07-18 00:05:27,404 basehttp 10 140156280493760 "POST /api/auth/login/ HTTP/1.1" 200 101
INFO 2025-07-18 00:05:28,748 basehttp 10 140156280493760 "GET /api/tiles/ HTTP/1.1" 200 2645
INFO 2025-07-18 00:05:29,852 basehttp 10 140156288886464 "GET /api/tiles/ HTTP/1.1" 200 2645
INFO 2025-07-18 00:05:31,172 basehttp 10 140156288886464 "GET /api/friends/ HTTP/1.1" 200 783
INFO 2025-07-18 00:05:31,190 basehttp 10 140156280493760 "GET /api/friends/ HTTP/1.1" 200 783
INFO 2025-07-18 00:05:41,869 basehttp 10 140156280493760 "GET /api/profile/ HTTP/1.1" 200 199
INFO 2025-07-18 00:05:41,898 basehttp 10 140156288886464 "GET /api/profile/ HTTP/1.1" 200 199
INFO 2025-07-18 00:06:19,083 basehttp 10 140156288886464 "POST /api/auth/login/ HTTP/1.1" 200 101
INFO 2025-07-18 00:06:20,229 basehttp 10 140156288886464 "GET /api/tiles/ HTTP/1.1" 200 2645
INFO 2025-07-18 00:06:21,126 basehttp 10 140156288886464 "GET /api/friends/ HTTP/1.1" 200 783
INFO 2025-07-18 00:06:21,146 basehttp 10 140156288886464 "GET /api/friends/ HTTP/1.1" 200 783
INFO 2025-07-18 00:06:21,291 basehttp 10 140156280493760 "GET /api/tiles/ HTTP/1.1" 200 2645
INFO 2025-07-18 00:06:22,233 basehttp 10 140156288886464 "GET /api/tiles/ HTTP/1.1" 200 2645
INFO 2025-07-18 00:06:23,043 basehttp 10 140156280493760 "GET /api/tiles/ HTTP/1.1" 200 2645
INFO 2025-07-18 00:08:02,748 autoreload 11 140109357267840 Watching for file changes with StatReloader
INFO 2025-07-18 00:09:04,268 basehttp 11 140109279127232 "GET /api/profile/ HTTP/1.1" 200 199
INFO 2025-07-18 00:09:04,287 basehttp 11 140109270734528 "GET /api/profile/ HTTP/1.1" 200 199
INFO 2025-07-18 00:09:07,174 basehttp 11 140109270734528 "POST /api/auth/login/ HTTP/1.1" 200 101
INFO 2025-07-18 00:09:08,464 basehttp 11 140109270734528 "GET /api/tiles/ HTTP/1.1" 200 2645
INFO 2025-07-18 00:09:09,971 basehttp 11 140109279127232 "GET /api/tiles/ HTTP/1.1" 200 2645
INFO 2025-07-18 00:09:10,342 basehttp 11 140109279127232 "GET /api/friends/ HTTP/1.1" 200 783
INFO 2025-07-18 00:09:10,359 basehttp 11 140109270734528 "GET /api/friends/ HTTP/1.1" 200 783
INFO 2025-07-18 00:09:12,964 basehttp 11 140109279127232 "GET /api/friends/ HTTP/1.1" 200 783
INFO 2025-07-18 00:09:13,016 basehttp 11 140109257098944 "GET /api/friends/ HTTP/1.1" 200 783
INFO 2025-07-18 00:09:13,990 basehttp 11 140109270734528 "GET /api/tiles/ HTTP/1.1" 200 2645
INFO 2025-07-18 00:09:14,963 basehttp 11 140109257098944 "GET /api/tiles/ HTTP/1.1" 200 2645
INFO 2025-07-18 00:09:20,674 basehttp 11 140109257098944 "GET /api/friends/ HTTP/1.1" 200 783
INFO 2025-07-18 00:09:20,694 basehttp 11 140109270734528 "GET /api/friends/ HTTP/1.1" 200 783
INFO 2025-07-18 00:09:28,543 basehttp 11 140109257098944 "GET /api/friends/ HTTP/1.1" 200 783
INFO 2025-07-18 00:09:28,567 basehttp 11 140109279127232 "GET /api/friends/ HTTP/1.1" 200 783
INFO 2025-07-18 00:09:29,634 basehttp 11 140109270734528 "GET /api/tiles/ HTTP/1.1" 200 2645
INFO 2025-07-18 00:09:30,773 basehttp 11 140109279127232 "GET /api/tiles/ HTTP/1.1" 200 2645
INFO 2025-07-18 00:09:33,484 basehttp 11 140109279127232 "GET /api/tiles/9/matches/ HTTP/1.1" 200 44066
INFO 2025-07-18 00:09:33,579 basehttp 11 140109257098944 "GET /api/tiles/9/matches/ HTTP/1.1" 200 44066
INFO 2025-07-18 00:09:34,423 basehttp 11 140109270734528 "GET /api/tiles/ HTTP/1.1" 200 2645
INFO 2025-07-18 00:09:35,373 basehttp 11 140109257098944 "GET /api/tiles/ HTTP/1.1" 200 2645
INFO 2025-07-18 00:12:49,712 basehttp 11 140109279127232 "GET /api/friends/ HTTP/1.1" 200 783
INFO 2025-07-18 00:12:49,746 basehttp 11 140109279127232 "GET /api/friends/ HTTP/1.1" 200 783
INFO 2025-07-18 00:12:51,074 basehttp 11 140109270734528 "GET /api/tiles/ HTTP/1.1" 200 2645
INFO 2025-07-18 00:12:52,235 basehttp 11 140109279127232 "GET /api/tiles/ HTTP/1.1" 200 2645
INFO 2025-07-18 00:13:27,520 basehttp 11 140109270734528 "POST /api/tiles/ HTTP/1.1" 201 706
INFO 2025-07-18 00:13:29,772 basehttp 11 140109270734528 "GET /api/tiles/10/matches/ HTTP/1.1" 200 3749
INFO 2025-07-18 00:13:29,874 basehttp 11 140109279127232 "GET /api/tiles/10/matches/ HTTP/1.1" 200 3749
INFO 2025-07-18 00:13:30,884 basehttp 11 140109257098944 "GET /api/tiles/ HTTP/1.1" 200 3352
INFO 2025-07-18 00:13:31,907 basehttp 11 140109279127232 "GET /api/tiles/ HTTP/1.1" 200 3352
INFO 2025-07-18 00:13:35,278 basehttp 11 140109279127232 "GET /api/friends/ HTTP/1.1" 200 783
INFO 2025-07-18 00:13:35,297 basehttp 11 140109257098944 "GET /api/friends/ HTTP/1.1" 200 783
INFO 2025-07-18 00:13:38,160 riot_api 11 140109257098944 Making Riot API request to: https://americas.api.riotgames.com/lol/match/v5/matches/by-puuid/dWPwP9-RErPr_kqPU3mbmj7H69M3lvx4M-lb0tLTXDKwF_xIUqBZBn8MklI-etNgg5cl8bJ2pTwywg/ids
INFO 2025-07-18 00:13:38,160 riot_api 11 140109257098944 Request parameters: {'count': 20}
DEBUG 2025-07-18 00:13:38,164 connectionpool 11 140109257098944 Starting new HTTPS connection (1): americas.api.riotgames.com:443
DEBUG 2025-07-18 00:13:38,518 connectionpool 11 140109257098944 https://americas.api.riotgames.com:443 "GET /lol/match/v5/matches/by-puuid/dWPwP9-RErPr_kqPU3mbmj7H69M3lvx4M-lb0tLTXDKwF_xIUqBZBn8MklI-etNgg5cl8bJ2pTwywg/ids?count=20 HTTP/1.1" 200 None
INFO 2025-07-18 00:13:38,522 riot_api 11 140109257098944 Riot API response status: 200
INFO 2025-07-18 00:13:38,522 riot_api 11 140109257098944 Riot API response data keys: Not a dict
INFO 2025-07-18 00:13:38,524 riot_api 11 140109257098944 Match IDs response type: <class 'list'>, content: ['NA1_5326238113', 'NA1_5326206868', 'NA1_5326184328', 'NA1_5326169799', 'NA1_5326140973', 'NA1_5326125155', 'NA1_5325603157', 'NA1_5325574870', 'NA1_5325532501', 'NA1_5325502639', 'NA1_5325044546', 'NA1_5325032806', 'NA1_5324997371', 'NA1_5324951719', 'NA1_5324920581', 'NA1_5324878738', 'NA1_5324849545', 'NA1_5324819491', 'NA1_5324798219', 'NA1_5324702435']
INFO 2025-07-18 00:13:38,541 basehttp 11 140109257098944 "POST /api/matches/refresh/dWPwP9-RErPr_kqPU3mbmj7H69M3lvx4M-lb0tLTXDKwF_xIUqBZBn8MklI-etNgg5cl8bJ2pTwywg/ HTTP/1.1" 200 66
INFO 2025-07-18 00:13:58,729 riot_api 11 140109257098944 Making Riot API request to: https://americas.api.riotgames.com/lol/match/v5/matches/by-puuid/dWPwP9-RErPr_kqPU3mbmj7H69M3lvx4M-lb0tLTXDKwF_xIUqBZBn8MklI-etNgg5cl8bJ2pTwywg/ids
INFO 2025-07-18 00:13:58,730 riot_api 11 140109257098944 Request parameters: {'count': 20}
DEBUG 2025-07-18 00:13:58,731 connectionpool 11 140109257098944 Starting new HTTPS connection (1): americas.api.riotgames.com:443
DEBUG 2025-07-18 00:13:59,103 connectionpool 11 140109257098944 https://americas.api.riotgames.com:443 "GET /lol/match/v5/matches/by-puuid/dWPwP9-RErPr_kqPU3mbmj7H69M3lvx4M-lb0tLTXDKwF_xIUqBZBn8MklI-etNgg5cl8bJ2pTwywg/ids?count=20 HTTP/1.1" 200 None
INFO 2025-07-18 00:13:59,104 riot_api 11 140109257098944 Riot API response status: 200
INFO 2025-07-18 00:13:59,104 riot_api 11 140109257098944 Riot API response data keys: Not a dict
INFO 2025-07-18 00:13:59,105 riot_api 11 140109257098944 Match IDs response type: <class 'list'>, content: ['NA1_5326238113', 'NA1_5326206868', 'NA1_5326184328', 'NA1_5326169799', 'NA1_5326140973', 'NA1_5326125155', 'NA1_5325603157', 'NA1_5325574870', 'NA1_5325532501', 'NA1_5325502639', 'NA1_5325044546', 'NA1_5325032806', 'NA1_5324997371', 'NA1_5324951719', 'NA1_5324920581', 'NA1_5324878738', 'NA1_5324849545', 'NA1_5324819491', 'NA1_5324798219', 'NA1_5324702435']
INFO 2025-07-18 00:13:59,136 basehttp 11 140109257098944 "POST /api/matches/refresh/dWPwP9-RErPr_kqPU3mbmj7H69M3lvx4M-lb0tLTXDKwF_xIUqBZBn8MklI-etNgg5cl8bJ2pTwywg/ HTTP/1.1" 200 66
INFO 2025-07-18 00:13:59,634 riot_api 11 140109257098944 Making Riot API request to: https://americas.api.riotgames.com/lol/match/v5/matches/by-puuid/gbgDQNvfnp3DlkXWekiHLH6dnIYS0ZC5TQiXxD0biTP1rhS1kjuiUj6k-Q95OKHxwuJsa4hM56Js1w/ids
INFO 2025-07-18 00:13:59,635 riot_api 11 140109257098944 Request parameters: {'count': 20}
DEBUG 2025-07-18 00:13:59,636 connectionpool 11 140109257098944 Starting new HTTPS connection (1): americas.api.riotgames.com:443
DEBUG 2025-07-18 00:14:00,001 connectionpool 11 140109257098944 https://americas.api.riotgames.com:443 "GET /lol/match/v5/matches/by-puuid/gbgDQNvfnp3DlkXWekiHLH6dnIYS0ZC5TQiXxD0biTP1rhS1kjuiUj6k-Q95OKHxwuJsa4hM56Js1w/ids?count=20 HTTP/1.1" 200 None
INFO 2025-07-18 00:14:00,002 riot_api 11 140109257098944 Riot API response status: 200
INFO 2025-07-18 00:14:00,002 riot_api 11 140109257098944 Riot API response data keys: Not a dict
INFO 2025-07-18 00:14:00,003 riot_api 11 140109257098944 Match IDs response type: <class 'list'>, content: ['NA1_5326802168', 'NA1_5326784025', 'NA1_5326743984', 'NA1_5326238113', 'NA1_5326206868', 'NA1_5325603157', 'NA1_5325574870', 'NA1_5325532501', 'NA1_5324951719', 'NA1_5324920581', 'NA1_5324702435', 'NA1_5324678595', 'NA1_5324356610', 'NA1_5324334250', 'NA1_5323614245', 'NA1_5323588187', 'NA1_5323567116', 'NA1_5323540323', 'NA1_5323523268', 'NA1_5323100655']
INFO 2025-07-18 00:14:00,021 basehttp 11 140109257098944 "POST /api/matches/refresh/gbgDQNvfnp3DlkXWekiHLH6dnIYS0ZC5TQiXxD0biTP1rhS1kjuiUj6k-Q95OKHxwuJsa4hM56Js1w/ HTTP/1.1" 200 66
INFO 2025-07-18 00:14:19,267 basehttp 11 140109243463360 "OPTIONS /api/friends/5/ HTTP/1.1" 200 0
INFO 2025-07-18 00:14:19,279 riot_api 11 140109257098944 Making Riot API request to: https://americas.api.riotgames.com/lol/match/v5/matches/by-puuid/dWPwP9-RErPr_kqPU3mbmj7H69M3lvx4M-lb0tLTXDKwF_xIUqBZBn8MklI-etNgg5cl8bJ2pTwywg/ids
INFO 2025-07-18 00:14:19,279 riot_api 11 140109257098944 Request parameters: {'count': 60}
DEBUG 2025-07-18 00:14:19,281 connectionpool 11 140109257098944 Starting new HTTPS connection (1): americas.api.riotgames.com:443
DEBUG 2025-07-18 00:14:19,552 connectionpool 11 140109257098944 https://americas.api.riotgames.com:443 "GET /lol/match/v5/matches/by-puuid/dWPwP9-RErPr_kqPU3mbmj7H69M3lvx4M-lb0tLTXDKwF_xIUqBZBn8MklI-etNgg5cl8bJ2pTwywg/ids?count=60 HTTP/1.1" 200 None
INFO 2025-07-18 00:14:19,554 riot_api 11 140109257098944 Riot API response status: 200
INFO 2025-07-18 00:14:19,555 riot_api 11 140109257098944 Riot API response data keys: Not a dict
INFO 2025-07-18 00:14:19,558 riot_api 11 140109257098944 Match IDs response type: <class 'list'>, content: ['NA1_5326238113', 'NA1_5326206868', 'NA1_5326184328', 'NA1_5326169799', 'NA1_5326140973', 'NA1_5326125155', 'NA1_5325603157', 'NA1_5325574870', 'NA1_5325532501', 'NA1_5325502639', 'NA1_5325044546', 'NA1_5325032806', 'NA1_5324997371', 'NA1_5324951719', 'NA1_5324920581', 'NA1_5324878738', 'NA1_5324849545', 'NA1_5324819491', 'NA1_5324798219', 'NA1_5324702435', 'NA1_5324678595', 'NA1_5324654113', 'NA1_5324422411', 'NA1_5324407812', 'NA1_5324386960', 'NA1_5324356610', 'NA1_5324334250', 'NA1_5324302272', 'NA1_5324280787', 'NA1_5324246015', 'NA1_5324218327', 'NA1_5324212223', 'NA1_5324194818', 'NA1_5324152944', 'NA1_5324142443', 'NA1_5324124427', 'NA1_5324102664', 'NA1_5324098648', 'NA1_5324075227', 'NA1_5323135640', 'NA1_5323100655', 'NA1_5323070831', 'NA1_5323038764', 'NA1_5323014317', 'NA1_5323001935', 'NA1_5322503307', 'NA1_5322468351', 'NA1_5322442379', 'NA1_5322436561', 'NA1_5322414675', 'NA1_5322393210', 'NA1_5322375304', 'NA1_5322360180', 'NA1_5322352968', 'NA1_5322339441', 'NA1_5322074016', 'NA1_5321834232', 'NA1_5321823686', 'NA1_5321798590', 'NA1_5321786916']
INFO 2025-07-18 00:14:19,576 riot_api 11 140109257098944 Making Riot API request to: https://americas.api.riotgames.com/lol/match/v5/matches/NA1_5324654113
DEBUG 2025-07-18 00:14:19,579 connectionpool 11 140109257098944 Starting new HTTPS connection (1): americas.api.riotgames.com:443
DEBUG 2025-07-18 00:14:19,824 connectionpool 11 140109257098944 https://americas.api.riotgames.com:443 "GET /lol/match/v5/matches/NA1_5324654113 HTTP/1.1" 200 None
INFO 2025-07-18 00:14:19,829 riot_api 11 140109257098944 Riot API response status: 200
INFO 2025-07-18 00:14:19,830 riot_api 11 140109257098944 Riot API response data keys: ['metadata', 'info']
INFO 2025-07-18 00:14:19,845 riot_api 11 140109257098944 Making Riot API request to: https://americas.api.riotgames.com/lol/match/v5/matches/NA1_5324422411
DEBUG 2025-07-18 00:14:19,846 connectionpool 11 140109257098944 Starting new HTTPS connection (1): americas.api.riotgames.com:443
DEBUG 2025-07-18 00:14:20,203 connectionpool 11 140109257098944 https://americas.api.riotgames.com:443 "GET /lol/match/v5/matches/NA1_5324422411 HTTP/1.1" 200 None
INFO 2025-07-18 00:14:20,210 riot_api 11 140109257098944 Riot API response status: 200
INFO 2025-07-18 00:14:20,211 riot_api 11 140109257098944 Riot API response data keys: ['metadata', 'info']
INFO 2025-07-18 00:14:20,223 riot_api 11 140109257098944 Making Riot API request to: https://americas.api.riotgames.com/lol/match/v5/matches/NA1_5324407812
DEBUG 2025-07-18 00:14:20,226 connectionpool 11 140109257098944 Starting new HTTPS connection (1): americas.api.riotgames.com:443
DEBUG 2025-07-18 00:14:20,698 connectionpool 11 140109257098944 https://americas.api.riotgames.com:443 "GET /lol/match/v5/matches/NA1_5324407812 HTTP/1.1" 200 None
INFO 2025-07-18 00:14:20,763 riot_api 11 140109257098944 Riot API response status: 200
INFO 2025-07-18 00:14:20,766 riot_api 11 140109257098944 Riot API response data keys: ['metadata', 'info']
INFO 2025-07-18 00:14:20,773 riot_api 11 140109257098944 Making Riot API request to: https://americas.api.riotgames.com/lol/match/v5/matches/NA1_5324386960
DEBUG 2025-07-18 00:14:20,776 connectionpool 11 140109257098944 Starting new HTTPS connection (1): americas.api.riotgames.com:443
DEBUG 2025-07-18 00:14:21,059 connectionpool 11 140109257098944 https://americas.api.riotgames.com:443 "GET /lol/match/v5/matches/NA1_5324386960 HTTP/1.1" 200 None
INFO 2025-07-18 00:14:21,063 riot_api 11 140109257098944 Riot API response status: 200
INFO 2025-07-18 00:14:21,064 riot_api 11 140109257098944 Riot API response data keys: ['metadata', 'info']
INFO 2025-07-18 00:14:21,072 riot_api 11 140109257098944 Making Riot API request to: https://americas.api.riotgames.com/lol/match/v5/matches/NA1_5324302272
DEBUG 2025-07-18 00:14:21,073 connectionpool 11 140109257098944 Starting new HTTPS connection (1): americas.api.riotgames.com:443
DEBUG 2025-07-18 00:14:21,351 connectionpool 11 140109257098944 https://americas.api.riotgames.com:443 "GET /lol/match/v5/matches/NA1_5324302272 HTTP/1.1" 200 None
INFO 2025-07-18 00:14:21,359 riot_api 11 140109257098944 Riot API response status: 200
INFO 2025-07-18 00:14:21,360 riot_api 11 140109257098944 Riot API response data keys: ['metadata', 'info']
INFO 2025-07-18 00:14:21,370 riot_api 11 140109257098944 Making Riot API request to: https://americas.api.riotgames.com/lol/match/v5/matches/NA1_5324280787
DEBUG 2025-07-18 00:14:21,371 connectionpool 11 140109257098944 Starting new HTTPS connection (1): americas.api.riotgames.com:443
DEBUG 2025-07-18 00:14:21,644 connectionpool 11 140109257098944 https://americas.api.riotgames.com:443 "GET /lol/match/v5/matches/NA1_5324280787 HTTP/1.1" 200 None
INFO 2025-07-18 00:14:21,645 riot_api 11 140109257098944 Riot API response status: 200
INFO 2025-07-18 00:14:21,646 riot_api 11 140109257098944 Riot API response data keys: ['metadata', 'info']
INFO 2025-07-18 00:14:21,653 riot_api 11 140109257098944 Making Riot API request to: https://americas.api.riotgames.com/lol/match/v5/matches/NA1_5324246015
DEBUG 2025-07-18 00:14:21,654 connectionpool 11 140109257098944 Starting new HTTPS connection (1): americas.api.riotgames.com:443
DEBUG 2025-07-18 00:14:21,981 connectionpool 11 140109257098944 https://americas.api.riotgames.com:443 "GET /lol/match/v5/matches/NA1_5324246015 HTTP/1.1" 200 None
INFO 2025-07-18 00:14:21,985 riot_api 11 140109257098944 Riot API response status: 200
INFO 2025-07-18 00:14:21,986 riot_api 11 140109257098944 Riot API response data keys: ['metadata', 'info']
INFO 2025-07-18 00:14:21,995 riot_api 11 140109257098944 Making Riot API request to: https://americas.api.riotgames.com/lol/match/v5/matches/NA1_5324218327
DEBUG 2025-07-18 00:14:21,996 connectionpool 11 140109257098944 Starting new HTTPS connection (1): americas.api.riotgames.com:443
DEBUG 2025-07-18 00:14:22,450 connectionpool 11 140109257098944 https://americas.api.riotgames.com:443 "GET /lol/match/v5/matches/NA1_5324218327 HTTP/1.1" 200 None
INFO 2025-07-18 00:14:22,454 riot_api 11 140109257098944 Riot API response status: 200
INFO 2025-07-18 00:14:22,455 riot_api 11 140109257098944 Riot API response data keys: ['metadata', 'info']
INFO 2025-07-18 00:14:22,463 riot_api 11 140109257098944 Making Riot API request to: https://americas.api.riotgames.com/lol/match/v5/matches/NA1_5324212223
DEBUG 2025-07-18 00:14:22,466 connectionpool 11 140109257098944 Starting new HTTPS connection (1): americas.api.riotgames.com:443
DEBUG 2025-07-18 00:14:22,753 connectionpool 11 140109257098944 https://americas.api.riotgames.com:443 "GET /lol/match/v5/matches/NA1_5324212223 HTTP/1.1" 200 None
INFO 2025-07-18 00:14:22,757 riot_api 11 140109257098944 Riot API response status: 200
INFO 2025-07-18 00:14:22,758 riot_api 11 140109257098944 Riot API response data keys: ['metadata', 'info']
INFO 2025-07-18 00:14:22,770 riot_api 11 140109257098944 Making Riot API request to: https://americas.api.riotgames.com/lol/match/v5/matches/NA1_5324194818
DEBUG 2025-07-18 00:14:22,771 connectionpool 11 140109257098944 Starting new HTTPS connection (1): americas.api.riotgames.com:443
DEBUG 2025-07-18 00:14:23,078 connectionpool 11 140109257098944 https://americas.api.riotgames.com:443 "GET /lol/match/v5/matches/NA1_5324194818 HTTP/1.1" 200 None
INFO 2025-07-18 00:14:23,083 riot_api 11 140109257098944 Riot API response status: 200
INFO 2025-07-18 00:14:23,084 riot_api 11 140109257098944 Riot API response data keys: ['metadata', 'info']
INFO 2025-07-18 00:14:23,091 riot_api 11 140109257098944 Making Riot API request to: https://americas.api.riotgames.com/lol/match/v5/matches/NA1_5324152944
DEBUG 2025-07-18 00:14:23,092 connectionpool 11 140109257098944 Starting new HTTPS connection (1): americas.api.riotgames.com:443
DEBUG 2025-07-18 00:14:23,458 connectionpool 11 140109257098944 https://americas.api.riotgames.com:443 "GET /lol/match/v5/matches/NA1_5324152944 HTTP/1.1" 200 None
INFO 2025-07-18 00:14:23,461 riot_api 11 140109257098944 Riot API response status: 200
INFO 2025-07-18 00:14:23,462 riot_api 11 140109257098944 Riot API response data keys: ['metadata', 'info']
INFO 2025-07-18 00:14:23,471 riot_api 11 140109257098944 Making Riot API request to: https://americas.api.riotgames.com/lol/match/v5/matches/NA1_5324142443
DEBUG 2025-07-18 00:14:23,472 connectionpool 11 140109257098944 Starting new HTTPS connection (1): americas.api.riotgames.com:443
DEBUG 2025-07-18 00:14:23,775 connectionpool 11 140109257098944 https://americas.api.riotgames.com:443 "GET /lol/match/v5/matches/NA1_5324142443 HTTP/1.1" 200 None
INFO 2025-07-18 00:14:23,778 riot_api 11 140109257098944 Riot API response status: 200
INFO 2025-07-18 00:14:23,780 riot_api 11 140109257098944 Riot API response data keys: ['metadata', 'info']
INFO 2025-07-18 00:14:23,786 riot_api 11 140109257098944 Making Riot API request to: https://americas.api.riotgames.com/lol/match/v5/matches/NA1_5324124427
DEBUG 2025-07-18 00:14:23,787 connectionpool 11 140109257098944 Starting new HTTPS connection (1): americas.api.riotgames.com:443
DEBUG 2025-07-18 00:14:24,104 connectionpool 11 140109257098944 https://americas.api.riotgames.com:443 "GET /lol/match/v5/matches/NA1_5324124427 HTTP/1.1" 200 None
INFO 2025-07-18 00:14:24,113 riot_api 11 140109257098944 Riot API response status: 200
INFO 2025-07-18 00:14:24,114 riot_api 11 140109257098944 Riot API response data keys: ['metadata', 'info']
INFO 2025-07-18 00:14:24,121 riot_api 11 140109257098944 Making Riot API request to: https://americas.api.riotgames.com/lol/match/v5/matches/NA1_5324102664
DEBUG 2025-07-18 00:14:24,122 connectionpool 11 140109257098944 Starting new HTTPS connection (1): americas.api.riotgames.com:443
DEBUG 2025-07-18 00:14:24,699 connectionpool 11 140109257098944 https://americas.api.riotgames.com:443 "GET /lol/match/v5/matches/NA1_5324102664 HTTP/1.1" 200 None
INFO 2025-07-18 00:14:24,704 riot_api 11 140109257098944 Riot API response status: 200
INFO 2025-07-18 00:14:24,705 riot_api 11 140109257098944 Riot API response data keys: ['metadata', 'info']
INFO 2025-07-18 00:14:24,713 riot_api 11 140109257098944 Making Riot API request to: https://americas.api.riotgames.com/lol/match/v5/matches/NA1_5324098648
DEBUG 2025-07-18 00:14:24,713 connectionpool 11 140109257098944 Starting new HTTPS connection (1): americas.api.riotgames.com:443
DEBUG 2025-07-18 00:14:24,973 connectionpool 11 140109257098944 https://americas.api.riotgames.com:443 "GET /lol/match/v5/matches/NA1_5324098648 HTTP/1.1" 200 None
INFO 2025-07-18 00:14:24,975 riot_api 11 140109257098944 Riot API response status: 200
INFO 2025-07-18 00:14:24,977 riot_api 11 140109257098944 Riot API response data keys: ['metadata', 'info']
INFO 2025-07-18 00:14:24,983 riot_api 11 140109257098944 Making Riot API request to: https://americas.api.riotgames.com/lol/match/v5/matches/NA1_5324075227
DEBUG 2025-07-18 00:14:24,984 connectionpool 11 140109257098944 Starting new HTTPS connection (1): americas.api.riotgames.com:443
DEBUG 2025-07-18 00:14:25,326 connectionpool 11 140109257098944 https://americas.api.riotgames.com:443 "GET /lol/match/v5/matches/NA1_5324075227 HTTP/1.1" 200 None
INFO 2025-07-18 00:14:25,400 riot_api 11 140109257098944 Riot API response status: 200
INFO 2025-07-18 00:14:25,401 riot_api 11 140109257098944 Riot API response data keys: ['metadata', 'info']
INFO 2025-07-18 00:14:25,408 riot_api 11 140109257098944 Making Riot API request to: https://americas.api.riotgames.com/lol/match/v5/matches/NA1_5323135640
DEBUG 2025-07-18 00:14:25,409 connectionpool 11 140109257098944 Starting new HTTPS connection (1): americas.api.riotgames.com:443
DEBUG 2025-07-18 00:14:25,704 connectionpool 11 140109257098944 https://americas.api.riotgames.com:443 "GET /lol/match/v5/matches/NA1_5323135640 HTTP/1.1" 200 None
INFO 2025-07-18 00:14:25,712 riot_api 11 140109257098944 Riot API response status: 200
INFO 2025-07-18 00:14:25,713 riot_api 11 140109257098944 Riot API response data keys: ['metadata', 'info']
INFO 2025-07-18 00:14:25,722 riot_api 11 140109257098944 Making Riot API request to: https://americas.api.riotgames.com/lol/match/v5/matches/NA1_5323070831
DEBUG 2025-07-18 00:14:25,724 connectionpool 11 140109257098944 Starting new HTTPS connection (1): americas.api.riotgames.com:443
DEBUG 2025-07-18 00:14:26,020 connectionpool 11 140109257098944 https://americas.api.riotgames.com:443 "GET /lol/match/v5/matches/NA1_5323070831 HTTP/1.1" 200 None
INFO 2025-07-18 00:14:26,023 riot_api 11 140109257098944 Riot API response status: 200
INFO 2025-07-18 00:14:26,024 riot_api 11 140109257098944 Riot API response data keys: ['metadata', 'info']
INFO 2025-07-18 00:14:26,033 riot_api 11 140109257098944 Making Riot API request to: https://americas.api.riotgames.com/lol/match/v5/matches/NA1_5323038764
DEBUG 2025-07-18 00:14:26,034 connectionpool 11 140109257098944 Starting new HTTPS connection (1): americas.api.riotgames.com:443
DEBUG 2025-07-18 00:14:26,359 connectionpool 11 140109257098944 https://americas.api.riotgames.com:443 "GET /lol/match/v5/matches/NA1_5323038764 HTTP/1.1" 200 None
INFO 2025-07-18 00:14:26,362 riot_api 11 140109257098944 Riot API response status: 200
INFO 2025-07-18 00:14:26,363 riot_api 11 140109257098944 Riot API response data keys: ['metadata', 'info']
INFO 2025-07-18 00:14:26,370 riot_api 11 140109257098944 Making Riot API request to: https://americas.api.riotgames.com/lol/match/v5/matches/NA1_5323014317
DEBUG 2025-07-18 00:14:26,371 connectionpool 11 140109257098944 Starting new HTTPS connection (1): americas.api.riotgames.com:443
DEBUG 2025-07-18 00:14:26,630 connectionpool 11 140109257098944 https://americas.api.riotgames.com:443 "GET /lol/match/v5/matches/NA1_5323014317 HTTP/1.1" 200 None
INFO 2025-07-18 00:14:26,635 riot_api 11 140109257098944 Riot API response status: 200
INFO 2025-07-18 00:14:26,636 riot_api 11 140109257098944 Riot API response data keys: ['metadata', 'info']
INFO 2025-07-18 00:14:26,644 riot_api 11 140109257098944 Making Riot API request to: https://americas.api.riotgames.com/lol/match/v5/matches/NA1_5323001935
DEBUG 2025-07-18 00:14:26,646 connectionpool 11 140109257098944 Starting new HTTPS connection (1): americas.api.riotgames.com:443
DEBUG 2025-07-18 00:14:26,956 connectionpool 11 140109257098944 https://americas.api.riotgames.com:443 "GET /lol/match/v5/matches/NA1_5323001935 HTTP/1.1" 200 None
INFO 2025-07-18 00:14:26,959 riot_api 11 140109257098944 Riot API response status: 200
INFO 2025-07-18 00:14:26,960 riot_api 11 140109257098944 Riot API response data keys: ['metadata', 'info']
INFO 2025-07-18 00:14:26,968 riot_api 11 140109257098944 Making Riot API request to: https://americas.api.riotgames.com/lol/match/v5/matches/NA1_5322503307
DEBUG 2025-07-18 00:14:26,969 connectionpool 11 140109257098944 Starting new HTTPS connection (1): americas.api.riotgames.com:443
DEBUG 2025-07-18 00:14:27,291 connectionpool 11 140109257098944 https://americas.api.riotgames.com:443 "GET /lol/match/v5/matches/NA1_5322503307 HTTP/1.1" 200 None
INFO 2025-07-18 00:14:27,293 riot_api 11 140109257098944 Riot API response status: 200
INFO 2025-07-18 00:14:27,295 riot_api 11 140109257098944 Riot API response data keys: ['metadata', 'info']
INFO 2025-07-18 00:14:27,302 riot_api 11 140109257098944 Making Riot API request to: https://americas.api.riotgames.com/lol/match/v5/matches/NA1_5322468351
DEBUG 2025-07-18 00:14:27,303 connectionpool 11 140109257098944 Starting new HTTPS connection (1): americas.api.riotgames.com:443
DEBUG 2025-07-18 00:14:27,608 connectionpool 11 140109257098944 https://americas.api.riotgames.com:443 "GET /lol/match/v5/matches/NA1_5322468351 HTTP/1.1" 200 None
INFO 2025-07-18 00:14:27,612 riot_api 11 140109257098944 Riot API response status: 200
INFO 2025-07-18 00:14:27,613 riot_api 11 140109257098944 Riot API response data keys: ['metadata', 'info']
INFO 2025-07-18 00:14:27,628 riot_api 11 140109257098944 Making Riot API request to: https://americas.api.riotgames.com/lol/match/v5/matches/NA1_5322442379
DEBUG 2025-07-18 00:14:27,630 connectionpool 11 140109257098944 Starting new HTTPS connection (1): americas.api.riotgames.com:443
DEBUG 2025-07-18 00:14:27,954 connectionpool 11 140109257098944 https://americas.api.riotgames.com:443 "GET /lol/match/v5/matches/NA1_5322442379 HTTP/1.1" 200 None
INFO 2025-07-18 00:14:27,958 riot_api 11 140109257098944 Riot API response status: 200
INFO 2025-07-18 00:14:27,959 riot_api 11 140109257098944 Riot API response data keys: ['metadata', 'info']
INFO 2025-07-18 00:14:27,966 riot_api 11 140109257098944 Making Riot API request to: https://americas.api.riotgames.com/lol/match/v5/matches/NA1_5322436561
DEBUG 2025-07-18 00:14:27,967 connectionpool 11 140109257098944 Starting new HTTPS connection (1): americas.api.riotgames.com:443
DEBUG 2025-07-18 00:14:28,216 connectionpool 11 140109257098944 https://americas.api.riotgames.com:443 "GET /lol/match/v5/matches/NA1_5322436561 HTTP/1.1" 200 None
INFO 2025-07-18 00:14:28,221 riot_api 11 140109257098944 Riot API response status: 200
INFO 2025-07-18 00:14:28,222 riot_api 11 140109257098944 Riot API response data keys: ['metadata', 'info']
INFO 2025-07-18 00:14:28,231 riot_api 11 140109257098944 Making Riot API request to: https://americas.api.riotgames.com/lol/match/v5/matches/NA1_5322414675
DEBUG 2025-07-18 00:14:28,232 connectionpool 11 140109257098944 Starting new HTTPS connection (1): americas.api.riotgames.com:443
DEBUG 2025-07-18 00:14:28,566 connectionpool 11 140109257098944 https://americas.api.riotgames.com:443 "GET /lol/match/v5/matches/NA1_5322414675 HTTP/1.1" 200 None
INFO 2025-07-18 00:14:28,569 riot_api 11 140109257098944 Riot API response status: 200
INFO 2025-07-18 00:14:28,570 riot_api 11 140109257098944 Riot API response data keys: ['metadata', 'info']
INFO 2025-07-18 00:14:28,576 riot_api 11 140109257098944 Making Riot API request to: https://americas.api.riotgames.com/lol/match/v5/matches/NA1_5322393210
DEBUG 2025-07-18 00:14:28,577 connectionpool 11 140109257098944 Starting new HTTPS connection (1): americas.api.riotgames.com:443
DEBUG 2025-07-18 00:14:28,841 connectionpool 11 140109257098944 https://americas.api.riotgames.com:443 "GET /lol/match/v5/matches/NA1_5322393210 HTTP/1.1" 200 None
INFO 2025-07-18 00:14:28,847 riot_api 11 140109257098944 Riot API response status: 200
INFO 2025-07-18 00:14:28,847 riot_api 11 140109257098944 Riot API response data keys: ['metadata', 'info']
INFO 2025-07-18 00:14:28,859 riot_api 11 140109257098944 Making Riot API request to: https://americas.api.riotgames.com/lol/match/v5/matches/NA1_5322375304
DEBUG 2025-07-18 00:14:28,860 connectionpool 11 140109257098944 Starting new HTTPS connection (1): americas.api.riotgames.com:443
DEBUG 2025-07-18 00:14:29,146 connectionpool 11 140109257098944 https://americas.api.riotgames.com:443 "GET /lol/match/v5/matches/NA1_5322375304 HTTP/1.1" 200 None
INFO 2025-07-18 00:14:29,151 riot_api 11 140109257098944 Riot API response status: 200
INFO 2025-07-18 00:14:29,152 riot_api 11 140109257098944 Riot API response data keys: ['metadata', 'info']
INFO 2025-07-18 00:14:29,161 riot_api 11 140109257098944 Making Riot API request to: https://americas.api.riotgames.com/lol/match/v5/matches/NA1_5322360180
DEBUG 2025-07-18 00:14:29,163 connectionpool 11 140109257098944 Starting new HTTPS connection (1): americas.api.riotgames.com:443
DEBUG 2025-07-18 00:14:29,452 connectionpool 11 140109257098944 https://americas.api.riotgames.com:443 "GET /lol/match/v5/matches/NA1_5322360180 HTTP/1.1" 200 None
INFO 2025-07-18 00:14:29,455 riot_api 11 140109257098944 Riot API response status: 200
INFO 2025-07-18 00:14:29,458 riot_api 11 140109257098944 Riot API response data keys: ['metadata', 'info']
INFO 2025-07-18 00:14:29,467 riot_api 11 140109257098944 Making Riot API request to: https://americas.api.riotgames.com/lol/match/v5/matches/NA1_5322352968
DEBUG 2025-07-18 00:14:29,468 connectionpool 11 140109257098944 Starting new HTTPS connection (1): americas.api.riotgames.com:443
DEBUG 2025-07-18 00:14:29,737 connectionpool 11 140109257098944 https://americas.api.riotgames.com:443 "GET /lol/match/v5/matches/NA1_5322352968 HTTP/1.1" 200 None
INFO 2025-07-18 00:14:29,740 riot_api 11 140109257098944 Riot API response status: 200
INFO 2025-07-18 00:14:29,741 riot_api 11 140109257098944 Riot API response data keys: ['metadata', 'info']
INFO 2025-07-18 00:14:29,748 riot_api 11 140109257098944 Making Riot API request to: https://americas.api.riotgames.com/lol/match/v5/matches/NA1_5322339441
DEBUG 2025-07-18 00:14:29,750 connectionpool 11 140109257098944 Starting new HTTPS connection (1): americas.api.riotgames.com:443
DEBUG 2025-07-18 00:14:30,088 connectionpool 11 140109257098944 https://americas.api.riotgames.com:443 "GET /lol/match/v5/matches/NA1_5322339441 HTTP/1.1" 200 None
INFO 2025-07-18 00:14:30,092 riot_api 11 140109257098944 Riot API response status: 200
INFO 2025-07-18 00:14:30,093 riot_api 11 140109257098944 Riot API response data keys: ['metadata', 'info']
INFO 2025-07-18 00:14:30,104 riot_api 11 140109257098944 Making Riot API request to: https://americas.api.riotgames.com/lol/match/v5/matches/NA1_5322074016
DEBUG 2025-07-18 00:14:30,105 connectionpool 11 140109257098944 Starting new HTTPS connection (1): americas.api.riotgames.com:443
DEBUG 2025-07-18 00:14:30,362 connectionpool 11 140109257098944 https://americas.api.riotgames.com:443 "GET /lol/match/v5/matches/NA1_5322074016 HTTP/1.1" 200 None
INFO 2025-07-18 00:14:30,368 riot_api 11 140109257098944 Riot API response status: 200
INFO 2025-07-18 00:14:30,369 riot_api 11 140109257098944 Riot API response data keys: ['metadata', 'info']
INFO 2025-07-18 00:14:30,376 riot_api 11 140109257098944 Making Riot API request to: https://americas.api.riotgames.com/lol/match/v5/matches/NA1_5321834232
DEBUG 2025-07-18 00:14:30,377 connectionpool 11 140109257098944 Starting new HTTPS connection (1): americas.api.riotgames.com:443
DEBUG 2025-07-18 00:14:30,691 connectionpool 11 140109257098944 https://americas.api.riotgames.com:443 "GET /lol/match/v5/matches/NA1_5321834232 HTTP/1.1" 200 None
INFO 2025-07-18 00:14:30,696 riot_api 11 140109257098944 Riot API response status: 200
INFO 2025-07-18 00:14:30,697 riot_api 11 140109257098944 Riot API response data keys: ['metadata', 'info']
INFO 2025-07-18 00:14:30,704 riot_api 11 140109257098944 Making Riot API request to: https://americas.api.riotgames.com/lol/match/v5/matches/NA1_5321823686
DEBUG 2025-07-18 00:14:30,705 connectionpool 11 140109257098944 Starting new HTTPS connection (1): americas.api.riotgames.com:443
DEBUG 2025-07-18 00:14:30,979 connectionpool 11 140109257098944 https://americas.api.riotgames.com:443 "GET /lol/match/v5/matches/NA1_5321823686 HTTP/1.1" 200 None
INFO 2025-07-18 00:14:30,983 riot_api 11 140109257098944 Riot API response status: 200
INFO 2025-07-18 00:14:30,984 riot_api 11 140109257098944 Riot API response data keys: ['metadata', 'info']
INFO 2025-07-18 00:14:30,998 riot_api 11 140109257098944 Making Riot API request to: https://americas.api.riotgames.com/lol/match/v5/matches/NA1_5321798590
DEBUG 2025-07-18 00:14:30,999 connectionpool 11 140109257098944 Starting new HTTPS connection (1): americas.api.riotgames.com:443
DEBUG 2025-07-18 00:14:31,283 connectionpool 11 140109257098944 https://americas.api.riotgames.com:443 "GET /lol/match/v5/matches/NA1_5321798590 HTTP/1.1" 200 None
INFO 2025-07-18 00:14:31,289 riot_api 11 140109257098944 Riot API response status: 200
INFO 2025-07-18 00:14:31,291 riot_api 11 140109257098944 Riot API response data keys: ['metadata', 'info']
INFO 2025-07-18 00:14:31,301 riot_api 11 140109257098944 Making Riot API request to: https://americas.api.riotgames.com/lol/match/v5/matches/NA1_5321786916
DEBUG 2025-07-18 00:14:31,302 connectionpool 11 140109257098944 Starting new HTTPS connection (1): americas.api.riotgames.com:443
DEBUG 2025-07-18 00:14:31,595 connectionpool 11 140109257098944 https://americas.api.riotgames.com:443 "GET /lol/match/v5/matches/NA1_5321786916 HTTP/1.1" 200 None
INFO 2025-07-18 00:14:31,598 riot_api 11 140109257098944 Riot API response status: 200
INFO 2025-07-18 00:14:31,599 riot_api 11 140109257098944 Riot API response data keys: ['metadata', 'info']
INFO 2025-07-18 00:14:31,612 views 11 140109257098944 Refreshed 36 new matches for friend peteychill
WARNING 2025-07-18 00:14:31,615 log 11 140109257098944 Bad Request: /api/friends/5/
WARNING 2025-07-18 00:14:31,616 basehttp 11 140109257098944 "PUT /api/friends/5/ HTTP/1.1" 400 158
INFO 2025-07-18 00:15:41,333 basehttp 11 140109279127232 "GET /api/friends/ HTTP/1.1" 200 783
INFO 2025-07-18 00:15:41,373 basehttp 11 140109270734528 "GET /api/friends/ HTTP/1.1" 200 783
INFO 2025-07-18 00:15:44,336 basehttp 11 140109257098944 "GET /api/tiles/ HTTP/1.1" 200 3367
INFO 2025-07-18 00:15:46,385 basehttp 11 140109270734528 "GET /api/tiles/ HTTP/1.1" 200 3367
INFO 2025-07-18 00:16:06,190 autoreload 11 140109357267840 /app/api/views.py changed, reloading.
INFO 2025-07-18 00:16:06,816 autoreload 23 139953335421824 Watching for file changes with StatReloader
INFO 2025-07-18 00:16:25,065 autoreload 10 140213667064704 Watching for file changes with StatReloader
INFO 2025-07-18 00:16:29,779 basehttp 10 140213588321984 "GET /api/profile/ HTTP/1.1" 200 199
INFO 2025-07-18 00:16:29,810 basehttp 10 140213588321984 "GET /api/profile/ HTTP/1.1" 200 199
INFO 2025-07-18 00:16:33,178 basehttp 10 140213588321984 "POST /api/auth/login/ HTTP/1.1" 200 101
INFO 2025-07-18 00:16:35,865 basehttp 10 140213588321984 "GET /api/tiles/ HTTP/1.1" 200 3367
INFO 2025-07-18 00:16:38,511 basehttp 10 140213588321984 "GET /api/tiles/ HTTP/1.1" 200 3367
INFO 2025-07-18 00:16:39,101 basehttp 10 140213588321984 "GET /api/friends/ HTTP/1.1" 200 783
INFO 2025-07-18 00:16:39,124 basehttp 10 140213579929280 "GET /api/friends/ HTTP/1.1" 200 783
INFO 2025-07-18 00:17:14,749 views 10 140213579929280 Adding friend: NerfPlz#NA1 in region na1 with 50 matches
INFO 2025-07-18 00:17:14,750 views 10 140213579929280 Fetching summoner data for NerfPlz#NA1
INFO 2025-07-18 00:17:14,750 riot_api 10 140213579929280 Making Riot API request to: https://americas.api.riotgames.com/riot/account/v1/accounts/by-riot-id/NerfPlz/NA1
DEBUG 2025-07-18 00:17:14,754 connectionpool 10 140213579929280 Starting new HTTPS connection (1): americas.api.riotgames.com:443
DEBUG 2025-07-18 00:17:15,277 connectionpool 10 140213579929280 https://americas.api.riotgames.com:443 "GET /riot/account/v1/accounts/by-riot-id/NerfPlz/NA1 HTTP/1.1" 200 None
INFO 2025-07-18 00:17:15,278 riot_api 10 140213579929280 Riot API response status: 200
INFO 2025-07-18 00:17:15,278 riot_api 10 140213579929280 Riot API response data keys: ['puuid', 'gameName', 'tagLine']
INFO 2025-07-18 00:17:15,279 views 10 140213579929280 Summoner data received: {'puuid': 'J-VRrEDefDqJyFzCnNJ4FsDPwDtf3oZim9yUDiBQz3E5etJ3qdTDBuCXyMkt-DNHKyrUgOMAZhxr9g', 'gameName': 'NerfPlz', 'tagLine': 'NA1'}
INFO 2025-07-18 00:17:15,284 views 10 140213579929280 Friend created: NerfPlz#NA1
INFO 2025-07-18 00:17:15,285 views 10 140213579929280 Fetching 50 match IDs for PUUID: J-VRrEDefDqJyFzCnNJ4FsDPwDtf3oZim9yUDiBQz3E5etJ3qdTDBuCXyMkt-DNHKyrUgOMAZhxr9g
INFO 2025-07-18 00:17:15,285 riot_api 10 140213579929280 Making Riot API request to: https://americas.api.riotgames.com/lol/match/v5/matches/by-puuid/J-VRrEDefDqJyFzCnNJ4FsDPwDtf3oZim9yUDiBQz3E5etJ3qdTDBuCXyMkt-DNHKyrUgOMAZhxr9g/ids
INFO 2025-07-18 00:17:15,285 riot_api 10 140213579929280 Request parameters: {'count': 50}
DEBUG 2025-07-18 00:17:15,287 connectionpool 10 140213579929280 Starting new HTTPS connection (1): americas.api.riotgames.com:443
DEBUG 2025-07-18 00:17:15,476 connectionpool 10 140213579929280 https://americas.api.riotgames.com:443 "GET /lol/match/v5/matches/by-puuid/J-VRrEDefDqJyFzCnNJ4FsDPwDtf3oZim9yUDiBQz3E5etJ3qdTDBuCXyMkt-DNHKyrUgOMAZhxr9g/ids?count=50 HTTP/1.1" 200 None
INFO 2025-07-18 00:17:15,477 riot_api 10 140213579929280 Riot API response status: 200
INFO 2025-07-18 00:17:15,477 riot_api 10 140213579929280 Riot API response data keys: Not a dict
INFO 2025-07-18 00:17:15,479 riot_api 10 140213579929280 Match IDs response type: <class 'list'>, content: ['NA1_5326802168', 'NA1_5326784025', 'NA1_5326639312', 'NA1_5326625431', 'NA1_5326582394', 'NA1_5326560870', 'NA1_5326488676', 'NA1_5326484962', 'NA1_5325032806', 'NA1_5324997371', 'NA1_5324951719', 'NA1_5324920581', 'NA1_5324656472', 'NA1_5324646157', 'NA1_5324152944', 'NA1_5324142443', 'NA1_5324124427', 'NA1_5324102664', 'NA1_5324098648', 'NA1_5324075227', 'NA1_5323135640', 'NA1_5323110482', 'NA1_5323085041', 'NA1_5323055571', 'NA1_5322243219', 'NA1_5322238976', 'NA1_5321429502', 'NA1_5321404284', 'NA1_5321373625', 'NA1_5321354813', 'NA1_5316330611', 'NA1_5316315907', 'NA1_5316302279', 'NA1_5316298927', 'NA1_5315889791', 'NA1_5315715175', 'NA1_5315704631', 'NA1_5315690201', 'NA1_5313583123', 'NA1_5306715512', 'NA1_5306680863', 'NA1_5306175117', 'NA1_5306133841', 'NA1_5304615839', 'NA1_5304379619', 'NA1_5304335531', 'NA1_5303991029', 'NA1_5303766459', 'NA1_5303748707', 'NA1_5303483728']
INFO 2025-07-18 00:17:15,479 views 10 140213579929280 Found 50 match IDs
INFO 2025-07-18 00:17:15,480 views 10 140213579929280 Processing match 1/50: NA1_5326802168
INFO 2025-07-18 00:17:15,481 views 10 140213579929280 Match NA1_5326802168 already exists, skipping
INFO 2025-07-18 00:17:15,482 views 10 140213579929280 Processing match 2/50: NA1_5326784025
INFO 2025-07-18 00:17:15,483 views 10 140213579929280 Match NA1_5326784025 already exists, skipping
INFO 2025-07-18 00:17:15,483 views 10 140213579929280 Processing match 3/50: NA1_5326639312
INFO 2025-07-18 00:17:15,485 views 10 140213579929280 Fetching match details for NA1_5326639312
INFO 2025-07-18 00:17:15,485 riot_api 10 140213579929280 Making Riot API request to: https://americas.api.riotgames.com/lol/match/v5/matches/NA1_5326639312
DEBUG 2025-07-18 00:17:15,487 connectionpool 10 140213579929280 Starting new HTTPS connection (1): americas.api.riotgames.com:443
DEBUG 2025-07-18 00:17:15,781 connectionpool 10 140213579929280 https://americas.api.riotgames.com:443 "GET /lol/match/v5/matches/NA1_5326639312 HTTP/1.1" 200 None
INFO 2025-07-18 00:17:15,787 riot_api 10 140213579929280 Riot API response status: 200
INFO 2025-07-18 00:17:15,789 riot_api 10 140213579929280 Riot API response data keys: ['metadata', 'info']
INFO 2025-07-18 00:17:15,792 views 10 140213579929280 Match NA1_5326639312 has 10 participants
INFO 2025-07-18 00:17:15,801 views 10 140213579929280 Successfully created match NA1_5326639312
INFO 2025-07-18 00:17:15,802 views 10 140213579929280 Processing match 4/50: NA1_5326625431
INFO 2025-07-18 00:17:15,804 views 10 140213579929280 Fetching match details for NA1_5326625431
INFO 2025-07-18 00:17:15,804 riot_api 10 140213579929280 Making Riot API request to: https://americas.api.riotgames.com/lol/match/v5/matches/NA1_5326625431
DEBUG 2025-07-18 00:17:15,806 connectionpool 10 140213579929280 Starting new HTTPS connection (1): americas.api.riotgames.com:443
DEBUG 2025-07-18 00:17:16,205 connectionpool 10 140213579929280 https://americas.api.riotgames.com:443 "GET /lol/match/v5/matches/NA1_5326625431 HTTP/1.1" 200 None
INFO 2025-07-18 00:17:16,210 riot_api 10 140213579929280 Riot API response status: 200
INFO 2025-07-18 00:17:16,211 riot_api 10 140213579929280 Riot API response data keys: ['metadata', 'info']
INFO 2025-07-18 00:17:16,212 views 10 140213579929280 Match NA1_5326625431 has 10 participants
INFO 2025-07-18 00:17:16,217 views 10 140213579929280 Successfully created match NA1_5326625431
INFO 2025-07-18 00:17:16,218 views 10 140213579929280 Processing match 5/50: NA1_5326582394
INFO 2025-07-18 00:17:16,219 views 10 140213579929280 Fetching match details for NA1_5326582394
INFO 2025-07-18 00:17:16,220 riot_api 10 140213579929280 Making Riot API request to: https://americas.api.riotgames.com/lol/match/v5/matches/NA1_5326582394
DEBUG 2025-07-18 00:17:16,221 connectionpool 10 140213579929280 Starting new HTTPS connection (1): americas.api.riotgames.com:443
DEBUG 2025-07-18 00:17:16,484 connectionpool 10 140213579929280 https://americas.api.riotgames.com:443 "GET /lol/match/v5/matches/NA1_5326582394 HTTP/1.1" 200 None
INFO 2025-07-18 00:17:16,496 riot_api 10 140213579929280 Riot API response status: 200
INFO 2025-07-18 00:17:16,497 riot_api 10 140213579929280 Riot API response data keys: ['metadata', 'info']
INFO 2025-07-18 00:17:16,499 views 10 140213579929280 Match NA1_5326582394 has 10 participants
INFO 2025-07-18 00:17:16,505 views 10 140213579929280 Successfully created match NA1_5326582394
INFO 2025-07-18 00:17:16,505 views 10 140213579929280 Processing match 6/50: NA1_5326560870
INFO 2025-07-18 00:17:16,506 views 10 140213579929280 Fetching match details for NA1_5326560870
INFO 2025-07-18 00:17:16,507 riot_api 10 140213579929280 Making Riot API request to: https://americas.api.riotgames.com/lol/match/v5/matches/NA1_5326560870
DEBUG 2025-07-18 00:17:16,508 connectionpool 10 140213579929280 Starting new HTTPS connection (1): americas.api.riotgames.com:443
DEBUG 2025-07-18 00:17:16,772 connectionpool 10 140213579929280 https://americas.api.riotgames.com:443 "GET /lol/match/v5/matches/NA1_5326560870 HTTP/1.1" 200 None
INFO 2025-07-18 00:17:16,776 riot_api 10 140213579929280 Riot API response status: 200
INFO 2025-07-18 00:17:16,777 riot_api 10 140213579929280 Riot API response data keys: ['metadata', 'info']
INFO 2025-07-18 00:17:16,779 views 10 140213579929280 Match NA1_5326560870 has 10 participants
INFO 2025-07-18 00:17:16,785 views 10 140213579929280 Successfully created match NA1_5326560870
INFO 2025-07-18 00:17:16,785 views 10 140213579929280 Processing match 7/50: NA1_5326488676
INFO 2025-07-18 00:17:16,787 views 10 140213579929280 Fetching match details for NA1_5326488676
INFO 2025-07-18 00:17:16,790 riot_api 10 140213579929280 Making Riot API request to: https://americas.api.riotgames.com/lol/match/v5/matches/NA1_5326488676
DEBUG 2025-07-18 00:17:16,791 connectionpool 10 140213579929280 Starting new HTTPS connection (1): americas.api.riotgames.com:443
DEBUG 2025-07-18 00:17:17,085 connectionpool 10 140213579929280 https://americas.api.riotgames.com:443 "GET /lol/match/v5/matches/NA1_5326488676 HTTP/1.1" 200 None
INFO 2025-07-18 00:17:17,092 riot_api 10 140213579929280 Riot API response status: 200
INFO 2025-07-18 00:17:17,093 riot_api 10 140213579929280 Riot API response data keys: ['metadata', 'info']
INFO 2025-07-18 00:17:17,096 views 10 140213579929280 Match NA1_5326488676 has 10 participants
INFO 2025-07-18 00:17:17,107 views 10 140213579929280 Successfully created match NA1_5326488676
INFO 2025-07-18 00:17:17,107 views 10 140213579929280 Processing match 8/50: NA1_5326484962
INFO 2025-07-18 00:17:17,109 views 10 140213579929280 Fetching match details for NA1_5326484962
INFO 2025-07-18 00:17:17,111 riot_api 10 140213579929280 Making Riot API request to: https://americas.api.riotgames.com/lol/match/v5/matches/NA1_5326484962
DEBUG 2025-07-18 00:17:17,112 connectionpool 10 140213579929280 Starting new HTTPS connection (1): americas.api.riotgames.com:443
DEBUG 2025-07-18 00:17:17,489 connectionpool 10 140213579929280 https://americas.api.riotgames.com:443 "GET /lol/match/v5/matches/NA1_5326484962 HTTP/1.1" 200 None
INFO 2025-07-18 00:17:17,493 riot_api 10 140213579929280 Riot API response status: 200
INFO 2025-07-18 00:17:17,495 riot_api 10 140213579929280 Riot API response data keys: ['metadata', 'info']
INFO 2025-07-18 00:17:17,497 views 10 140213579929280 Match NA1_5326484962 has 10 participants
INFO 2025-07-18 00:17:17,502 views 10 140213579929280 Successfully created match NA1_5326484962
INFO 2025-07-18 00:17:17,503 views 10 140213579929280 Processing match 9/50: NA1_5325032806
INFO 2025-07-18 00:17:17,505 views 10 140213579929280 Match NA1_5325032806 already exists, skipping
INFO 2025-07-18 00:17:17,506 views 10 140213579929280 Processing match 10/50: NA1_5324997371
INFO 2025-07-18 00:17:17,507 views 10 140213579929280 Match NA1_5324997371 already exists, skipping
INFO 2025-07-18 00:17:17,508 views 10 140213579929280 Processing match 11/50: NA1_5324951719
INFO 2025-07-18 00:17:17,510 views 10 140213579929280 Match NA1_5324951719 already exists, skipping
INFO 2025-07-18 00:17:17,511 views 10 140213579929280 Processing match 12/50: NA1_5324920581
INFO 2025-07-18 00:17:17,513 views 10 140213579929280 Match NA1_5324920581 already exists, skipping
INFO 2025-07-18 00:17:17,513 views 10 140213579929280 Processing match 13/50: NA1_5324656472
INFO 2025-07-18 00:17:17,514 views 10 140213579929280 Fetching match details for NA1_5324656472
INFO 2025-07-18 00:17:17,514 riot_api 10 140213579929280 Making Riot API request to: https://americas.api.riotgames.com/lol/match/v5/matches/NA1_5324656472
DEBUG 2025-07-18 00:17:17,515 connectionpool 10 140213579929280 Starting new HTTPS connection (1): americas.api.riotgames.com:443
DEBUG 2025-07-18 00:17:17,861 connectionpool 10 140213579929280 https://americas.api.riotgames.com:443 "GET /lol/match/v5/matches/NA1_5324656472 HTTP/1.1" 200 None
INFO 2025-07-18 00:17:17,866 riot_api 10 140213579929280 Riot API response status: 200
INFO 2025-07-18 00:17:17,867 riot_api 10 140213579929280 Riot API response data keys: ['metadata', 'info']
INFO 2025-07-18 00:17:17,869 views 10 140213579929280 Match NA1_5324656472 has 10 participants
INFO 2025-07-18 00:17:17,875 views 10 140213579929280 Successfully created match NA1_5324656472
INFO 2025-07-18 00:17:17,875 views 10 140213579929280 Processing match 14/50: NA1_5324646157
INFO 2025-07-18 00:17:17,877 views 10 140213579929280 Fetching match details for NA1_5324646157
INFO 2025-07-18 00:17:17,877 riot_api 10 140213579929280 Making Riot API request to: https://americas.api.riotgames.com/lol/match/v5/matches/NA1_5324646157
DEBUG 2025-07-18 00:17:17,878 connectionpool 10 140213579929280 Starting new HTTPS connection (1): americas.api.riotgames.com:443
DEBUG 2025-07-18 00:17:18,166 connectionpool 10 140213579929280 https://americas.api.riotgames.com:443 "GET /lol/match/v5/matches/NA1_5324646157 HTTP/1.1" 200 None
INFO 2025-07-18 00:17:18,170 riot_api 10 140213579929280 Riot API response status: 200
INFO 2025-07-18 00:17:18,171 riot_api 10 140213579929280 Riot API response data keys: ['metadata', 'info']
INFO 2025-07-18 00:17:18,173 views 10 140213579929280 Match NA1_5324646157 has 10 participants
INFO 2025-07-18 00:17:18,178 views 10 140213579929280 Successfully created match NA1_5324646157
INFO 2025-07-18 00:17:18,178 views 10 140213579929280 Processing match 15/50: NA1_5324152944
INFO 2025-07-18 00:17:18,179 views 10 140213579929280 Match NA1_5324152944 already exists, skipping
INFO 2025-07-18 00:17:18,180 views 10 140213579929280 Processing match 16/50: NA1_5324142443
INFO 2025-07-18 00:17:18,181 views 10 140213579929280 Match NA1_5324142443 already exists, skipping
INFO 2025-07-18 00:17:18,181 views 10 140213579929280 Processing match 17/50: NA1_5324124427
INFO 2025-07-18 00:17:18,182 views 10 140213579929280 Match NA1_5324124427 already exists, skipping
INFO 2025-07-18 00:17:18,183 views 10 140213579929280 Processing match 18/50: NA1_5324102664
INFO 2025-07-18 00:17:18,185 views 10 140213579929280 Match NA1_5324102664 already exists, skipping
INFO 2025-07-18 00:17:18,185 views 10 140213579929280 Processing match 19/50: NA1_5324098648
INFO 2025-07-18 00:17:18,188 views 10 140213579929280 Match NA1_5324098648 already exists, skipping
INFO 2025-07-18 00:17:18,189 views 10 140213579929280 Processing match 20/50: NA1_5324075227
INFO 2025-07-18 00:17:18,193 views 10 140213579929280 Match NA1_5324075227 already exists, skipping
INFO 2025-07-18 00:17:18,193 views 10 140213579929280 Processing match 21/50: NA1_5323135640
INFO 2025-07-18 00:17:18,195 views 10 140213579929280 Match NA1_5323135640 already exists, skipping
INFO 2025-07-18 00:17:18,196 views 10 140213579929280 Processing match 22/50: NA1_5323110482
INFO 2025-07-18 00:17:18,198 views 10 140213579929280 Fetching match details for NA1_5323110482
INFO 2025-07-18 00:17:18,198 riot_api 10 140213579929280 Making Riot API request to: https://americas.api.riotgames.com/lol/match/v5/matches/NA1_5323110482
DEBUG 2025-07-18 00:17:18,199 connectionpool 10 140213579929280 Starting new HTTPS connection (1): americas.api.riotgames.com:443
DEBUG 2025-07-18 00:17:18,510 connectionpool 10 140213579929280 https://americas.api.riotgames.com:443 "GET /lol/match/v5/matches/NA1_5323110482 HTTP/1.1" 200 None
INFO 2025-07-18 00:17:18,567 riot_api 10 140213579929280 Riot API response status: 200
INFO 2025-07-18 00:17:18,569 riot_api 10 140213579929280 Riot API response data keys: ['metadata', 'info']
INFO 2025-07-18 00:17:18,570 views 10 140213579929280 Match NA1_5323110482 has 16 participants
INFO 2025-07-18 00:17:18,580 views 10 140213579929280 Successfully created match NA1_5323110482
INFO 2025-07-18 00:17:18,580 views 10 140213579929280 Processing match 23/50: NA1_5323085041
INFO 2025-07-18 00:17:18,582 views 10 140213579929280 Fetching match details for NA1_5323085041
INFO 2025-07-18 00:17:18,583 riot_api 10 140213579929280 Making Riot API request to: https://americas.api.riotgames.com/lol/match/v5/matches/NA1_5323085041
DEBUG 2025-07-18 00:17:18,585 connectionpool 10 140213579929280 Starting new HTTPS connection (1): americas.api.riotgames.com:443
DEBUG 2025-07-18 00:17:18,828 connectionpool 10 140213579929280 https://americas.api.riotgames.com:443 "GET /lol/match/v5/matches/NA1_5323085041 HTTP/1.1" 200 None
INFO 2025-07-18 00:17:18,833 riot_api 10 140213579929280 Riot API response status: 200
INFO 2025-07-18 00:17:18,835 riot_api 10 140213579929280 Riot API response data keys: ['metadata', 'info']
INFO 2025-07-18 00:17:18,837 views 10 140213579929280 Match NA1_5323085041 has 10 participants
INFO 2025-07-18 00:17:18,844 views 10 140213579929280 Successfully created match NA1_5323085041
INFO 2025-07-18 00:17:18,845 views 10 140213579929280 Processing match 24/50: NA1_5323055571
INFO 2025-07-18 00:17:18,846 views 10 140213579929280 Fetching match details for NA1_5323055571
INFO 2025-07-18 00:17:18,847 riot_api 10 140213579929280 Making Riot API request to: https://americas.api.riotgames.com/lol/match/v5/matches/NA1_5323055571
DEBUG 2025-07-18 00:17:18,848 connectionpool 10 140213579929280 Starting new HTTPS connection (1): americas.api.riotgames.com:443
DEBUG 2025-07-18 00:17:19,190 connectionpool 10 140213579929280 https://americas.api.riotgames.com:443 "GET /lol/match/v5/matches/NA1_5323055571 HTTP/1.1" 200 None
INFO 2025-07-18 00:17:19,247 riot_api 10 140213579929280 Riot API response status: 200
INFO 2025-07-18 00:17:19,248 riot_api 10 140213579929280 Riot API response data keys: ['metadata', 'info']
INFO 2025-07-18 00:17:19,249 views 10 140213579929280 Match NA1_5323055571 has 10 participants
INFO 2025-07-18 00:17:19,254 views 10 140213579929280 Successfully created match NA1_5323055571
INFO 2025-07-18 00:17:19,254 views 10 140213579929280 Processing match 25/50: NA1_5322243219
INFO 2025-07-18 00:17:19,255 views 10 140213579929280 Fetching match details for NA1_5322243219
INFO 2025-07-18 00:17:19,258 riot_api 10 140213579929280 Making Riot API request to: https://americas.api.riotgames.com/lol/match/v5/matches/NA1_5322243219
DEBUG 2025-07-18 00:17:19,261 connectionpool 10 140213579929280 Starting new HTTPS connection (1): americas.api.riotgames.com:443
DEBUG 2025-07-18 00:17:19,576 connectionpool 10 140213579929280 https://americas.api.riotgames.com:443 "GET /lol/match/v5/matches/NA1_5322243219 HTTP/1.1" 200 None
INFO 2025-07-18 00:17:19,584 riot_api 10 140213579929280 Riot API response status: 200
INFO 2025-07-18 00:17:19,585 riot_api 10 140213579929280 Riot API response data keys: ['metadata', 'info']
INFO 2025-07-18 00:17:19,588 views 10 140213579929280 Match NA1_5322243219 has 10 participants
INFO 2025-07-18 00:17:19,597 views 10 140213579929280 Successfully created match NA1_5322243219
INFO 2025-07-18 00:17:19,599 views 10 140213579929280 Processing match 26/50: NA1_5322238976
INFO 2025-07-18 00:17:19,601 views 10 140213579929280 Fetching match details for NA1_5322238976
INFO 2025-07-18 00:17:19,601 riot_api 10 140213579929280 Making Riot API request to: https://americas.api.riotgames.com/lol/match/v5/matches/NA1_5322238976
DEBUG 2025-07-18 00:17:19,604 connectionpool 10 140213579929280 Starting new HTTPS connection (1): americas.api.riotgames.com:443
DEBUG 2025-07-18 00:17:20,109 connectionpool 10 140213579929280 https://americas.api.riotgames.com:443 "GET /lol/match/v5/matches/NA1_5322238976 HTTP/1.1" 200 None
INFO 2025-07-18 00:17:20,117 riot_api 10 140213579929280 Riot API response status: 200
INFO 2025-07-18 00:17:20,118 riot_api 10 140213579929280 Riot API response data keys: ['metadata', 'info']
INFO 2025-07-18 00:17:20,120 views 10 140213579929280 Match NA1_5322238976 has 10 participants
INFO 2025-07-18 00:17:20,128 views 10 140213579929280 Successfully created match NA1_5322238976
INFO 2025-07-18 00:17:20,130 views 10 140213579929280 Processing match 27/50: NA1_5321429502
INFO 2025-07-18 00:17:20,135 views 10 140213579929280 Fetching match details for NA1_5321429502
INFO 2025-07-18 00:17:20,135 riot_api 10 140213579929280 Making Riot API request to: https://americas.api.riotgames.com/lol/match/v5/matches/NA1_5321429502
DEBUG 2025-07-18 00:17:20,136 connectionpool 10 140213579929280 Starting new HTTPS connection (1): americas.api.riotgames.com:443
DEBUG 2025-07-18 00:17:20,539 connectionpool 10 140213579929280 https://americas.api.riotgames.com:443 "GET /lol/match/v5/matches/NA1_5321429502 HTTP/1.1" 200 None
INFO 2025-07-18 00:17:20,542 riot_api 10 140213579929280 Riot API response status: 200
INFO 2025-07-18 00:17:20,544 riot_api 10 140213579929280 Riot API response data keys: ['metadata', 'info']
INFO 2025-07-18 00:17:20,546 views 10 140213579929280 Match NA1_5321429502 has 10 participants
INFO 2025-07-18 00:17:20,555 views 10 140213579929280 Successfully created match NA1_5321429502
INFO 2025-07-18 00:17:20,556 views 10 140213579929280 Processing match 28/50: NA1_5321404284
INFO 2025-07-18 00:17:20,560 views 10 140213579929280 Fetching match details for NA1_5321404284
INFO 2025-07-18 00:17:20,561 riot_api 10 140213579929280 Making Riot API request to: https://americas.api.riotgames.com/lol/match/v5/matches/NA1_5321404284
DEBUG 2025-07-18 00:17:20,562 connectionpool 10 140213579929280 Starting new HTTPS connection (1): americas.api.riotgames.com:443
DEBUG 2025-07-18 00:17:20,898 connectionpool 10 140213579929280 https://americas.api.riotgames.com:443 "GET /lol/match/v5/matches/NA1_5321404284 HTTP/1.1" 200 None
INFO 2025-07-18 00:17:20,904 riot_api 10 140213579929280 Riot API response status: 200
INFO 2025-07-18 00:17:20,905 riot_api 10 140213579929280 Riot API response data keys: ['metadata', 'info']
INFO 2025-07-18 00:17:20,907 views 10 140213579929280 Match NA1_5321404284 has 10 participants
INFO 2025-07-18 00:17:20,915 views 10 140213579929280 Successfully created match NA1_5321404284
INFO 2025-07-18 00:17:20,916 views 10 140213579929280 Processing match 29/50: NA1_5321373625
INFO 2025-07-18 00:17:20,918 views 10 140213579929280 Fetching match details for NA1_5321373625
INFO 2025-07-18 00:17:20,919 riot_api 10 140213579929280 Making Riot API request to: https://americas.api.riotgames.com/lol/match/v5/matches/NA1_5321373625
DEBUG 2025-07-18 00:17:20,922 connectionpool 10 140213579929280 Starting new HTTPS connection (1): americas.api.riotgames.com:443
DEBUG 2025-07-18 00:17:21,172 connectionpool 10 140213579929280 https://americas.api.riotgames.com:443 "GET /lol/match/v5/matches/NA1_5321373625 HTTP/1.1" 200 None
INFO 2025-07-18 00:17:21,178 riot_api 10 140213579929280 Riot API response status: 200
INFO 2025-07-18 00:17:21,180 riot_api 10 140213579929280 Riot API response data keys: ['metadata', 'info']
INFO 2025-07-18 00:17:21,182 views 10 140213579929280 Match NA1_5321373625 has 10 participants
INFO 2025-07-18 00:17:21,190 views 10 140213579929280 Successfully created match NA1_5321373625
INFO 2025-07-18 00:17:21,190 views 10 140213579929280 Processing match 30/50: NA1_5321354813
INFO 2025-07-18 00:17:21,192 views 10 140213579929280 Fetching match details for NA1_5321354813
INFO 2025-07-18 00:17:21,193 riot_api 10 140213579929280 Making Riot API request to: https://americas.api.riotgames.com/lol/match/v5/matches/NA1_5321354813
DEBUG 2025-07-18 00:17:21,194 connectionpool 10 140213579929280 Starting new HTTPS connection (1): americas.api.riotgames.com:443
DEBUG 2025-07-18 00:17:21,513 connectionpool 10 140213579929280 https://americas.api.riotgames.com:443 "GET /lol/match/v5/matches/NA1_5321354813 HTTP/1.1" 200 None
INFO 2025-07-18 00:17:21,565 riot_api 10 140213579929280 Riot API response status: 200
INFO 2025-07-18 00:17:21,566 riot_api 10 140213579929280 Riot API response data keys: ['metadata', 'info']
INFO 2025-07-18 00:17:21,569 views 10 140213579929280 Match NA1_5321354813 has 16 participants
INFO 2025-07-18 00:17:21,576 views 10 140213579929280 Successfully created match NA1_5321354813
INFO 2025-07-18 00:17:21,577 views 10 140213579929280 Processing match 31/50: NA1_5316330611
INFO 2025-07-18 00:17:21,578 views 10 140213579929280 Fetching match details for NA1_5316330611
INFO 2025-07-18 00:17:21,578 riot_api 10 140213579929280 Making Riot API request to: https://americas.api.riotgames.com/lol/match/v5/matches/NA1_5316330611
DEBUG 2025-07-18 00:17:21,580 connectionpool 10 140213579929280 Starting new HTTPS connection (1): americas.api.riotgames.com:443
DEBUG 2025-07-18 00:17:22,026 connectionpool 10 140213579929280 https://americas.api.riotgames.com:443 "GET /lol/match/v5/matches/NA1_5316330611 HTTP/1.1" 200 None
INFO 2025-07-18 00:17:22,031 riot_api 10 140213579929280 Riot API response status: 200
INFO 2025-07-18 00:17:22,033 riot_api 10 140213579929280 Riot API response data keys: ['metadata', 'info']
INFO 2025-07-18 00:17:22,035 views 10 140213579929280 Match NA1_5316330611 has 10 participants
INFO 2025-07-18 00:17:22,040 views 10 140213579929280 Successfully created match NA1_5316330611
INFO 2025-07-18 00:17:22,040 views 10 140213579929280 Processing match 32/50: NA1_5316315907
INFO 2025-07-18 00:17:22,042 views 10 140213579929280 Fetching match details for NA1_5316315907
INFO 2025-07-18 00:17:22,045 riot_api 10 140213579929280 Making Riot API request to: https://americas.api.riotgames.com/lol/match/v5/matches/NA1_5316315907
DEBUG 2025-07-18 00:17:22,046 connectionpool 10 140213579929280 Starting new HTTPS connection (1): americas.api.riotgames.com:443
DEBUG 2025-07-18 00:17:22,344 connectionpool 10 140213579929280 https://americas.api.riotgames.com:443 "GET /lol/match/v5/matches/NA1_5316315907 HTTP/1.1" 200 None
INFO 2025-07-18 00:17:22,350 riot_api 10 140213579929280 Riot API response status: 200
INFO 2025-07-18 00:17:22,351 riot_api 10 140213579929280 Riot API response data keys: ['metadata', 'info']
INFO 2025-07-18 00:17:22,354 views 10 140213579929280 Match NA1_5316315907 has 10 participants
INFO 2025-07-18 00:17:22,363 views 10 140213579929280 Successfully created match NA1_5316315907
INFO 2025-07-18 00:17:22,368 views 10 140213579929280 Processing match 33/50: NA1_5316302279
INFO 2025-07-18 00:17:22,373 views 10 140213579929280 Fetching match details for NA1_5316302279
INFO 2025-07-18 00:17:22,375 riot_api 10 140213579929280 Making Riot API request to: https://americas.api.riotgames.com/lol/match/v5/matches/NA1_5316302279
DEBUG 2025-07-18 00:17:22,376 connectionpool 10 140213579929280 Starting new HTTPS connection (1): americas.api.riotgames.com:443
DEBUG 2025-07-18 00:17:22,719 connectionpool 10 140213579929280 https://americas.api.riotgames.com:443 "GET /lol/match/v5/matches/NA1_5316302279 HTTP/1.1" 200 None
INFO 2025-07-18 00:17:22,724 riot_api 10 140213579929280 Riot API response status: 200
INFO 2025-07-18 00:17:22,725 riot_api 10 140213579929280 Riot API response data keys: ['metadata', 'info']
INFO 2025-07-18 00:17:22,727 views 10 140213579929280 Match NA1_5316302279 has 10 participants
INFO 2025-07-18 00:17:22,740 views 10 140213579929280 Successfully created match NA1_5316302279
INFO 2025-07-18 00:17:22,740 views 10 140213579929280 Processing match 34/50: NA1_5316298927
INFO 2025-07-18 00:17:22,744 views 10 140213579929280 Fetching match details for NA1_5316298927
INFO 2025-07-18 00:17:22,745 riot_api 10 140213579929280 Making Riot API request to: https://americas.api.riotgames.com/lol/match/v5/matches/NA1_5316298927
DEBUG 2025-07-18 00:17:22,747 connectionpool 10 140213579929280 Starting new HTTPS connection (1): americas.api.riotgames.com:443
DEBUG 2025-07-18 00:17:23,030 connectionpool 10 140213579929280 https://americas.api.riotgames.com:443 "GET /lol/match/v5/matches/NA1_5316298927 HTTP/1.1" 200 None
INFO 2025-07-18 00:17:23,082 riot_api 10 140213579929280 Riot API response status: 200
INFO 2025-07-18 00:17:23,084 riot_api 10 140213579929280 Riot API response data keys: ['metadata', 'info']
INFO 2025-07-18 00:17:23,085 views 10 140213579929280 Match NA1_5316298927 has 16 participants
INFO 2025-07-18 00:17:23,093 views 10 140213579929280 Successfully created match NA1_5316298927
INFO 2025-07-18 00:17:23,093 views 10 140213579929280 Processing match 35/50: NA1_5315889791
INFO 2025-07-18 00:17:23,094 views 10 140213579929280 Fetching match details for NA1_5315889791
INFO 2025-07-18 00:17:23,095 riot_api 10 140213579929280 Making Riot API request to: https://americas.api.riotgames.com/lol/match/v5/matches/NA1_5315889791
DEBUG 2025-07-18 00:17:23,096 connectionpool 10 140213579929280 Starting new HTTPS connection (1): americas.api.riotgames.com:443
DEBUG 2025-07-18 00:17:23,397 connectionpool 10 140213579929280 https://americas.api.riotgames.com:443 "GET /lol/match/v5/matches/NA1_5315889791 HTTP/1.1" 200 None
INFO 2025-07-18 00:17:23,405 riot_api 10 140213579929280 Riot API response status: 200
INFO 2025-07-18 00:17:23,406 riot_api 10 140213579929280 Riot API response data keys: ['metadata', 'info']
INFO 2025-07-18 00:17:23,409 views 10 140213579929280 Match NA1_5315889791 has 10 participants
INFO 2025-07-18 00:17:23,417 views 10 140213579929280 Successfully created match NA1_5315889791
INFO 2025-07-18 00:17:23,417 views 10 140213579929280 Processing match 36/50: NA1_5315715175
INFO 2025-07-18 00:17:23,420 views 10 140213579929280 Fetching match details for NA1_5315715175
INFO 2025-07-18 00:17:23,420 riot_api 10 140213579929280 Making Riot API request to: https://americas.api.riotgames.com/lol/match/v5/matches/NA1_5315715175
DEBUG 2025-07-18 00:17:23,421 connectionpool 10 140213579929280 Starting new HTTPS connection (1): americas.api.riotgames.com:443
DEBUG 2025-07-18 00:17:23,691 connectionpool 10 140213579929280 https://americas.api.riotgames.com:443 "GET /lol/match/v5/matches/NA1_5315715175 HTTP/1.1" 200 None
INFO 2025-07-18 00:17:23,695 riot_api 10 140213579929280 Riot API response status: 200
INFO 2025-07-18 00:17:23,696 riot_api 10 140213579929280 Riot API response data keys: ['metadata', 'info']
INFO 2025-07-18 00:17:23,698 views 10 140213579929280 Match NA1_5315715175 has 10 participants
INFO 2025-07-18 00:17:23,707 views 10 140213579929280 Successfully created match NA1_5315715175
INFO 2025-07-18 00:17:23,712 views 10 140213579929280 Processing match 37/50: NA1_5315704631
INFO 2025-07-18 00:17:23,716 views 10 140213579929280 Fetching match details for NA1_5315704631
INFO 2025-07-18 00:17:23,716 riot_api 10 140213579929280 Making Riot API request to: https://americas.api.riotgames.com/lol/match/v5/matches/NA1_5315704631
DEBUG 2025-07-18 00:17:23,718 connectionpool 10 140213579929280 Starting new HTTPS connection (1): americas.api.riotgames.com:443
DEBUG 2025-07-18 00:17:24,054 connectionpool 10 140213579929280 https://americas.api.riotgames.com:443 "GET /lol/match/v5/matches/NA1_5315704631 HTTP/1.1" 200 None
INFO 2025-07-18 00:17:24,060 riot_api 10 140213579929280 Riot API response status: 200
INFO 2025-07-18 00:17:24,061 riot_api 10 140213579929280 Riot API response data keys: ['metadata', 'info']
INFO 2025-07-18 00:17:24,062 views 10 140213579929280 Match NA1_5315704631 has 10 participants
INFO 2025-07-18 00:17:24,070 views 10 140213579929280 Successfully created match NA1_5315704631
INFO 2025-07-18 00:17:24,071 views 10 140213579929280 Processing match 38/50: NA1_5315690201
INFO 2025-07-18 00:17:24,073 views 10 140213579929280 Fetching match details for NA1_5315690201
INFO 2025-07-18 00:17:24,073 riot_api 10 140213579929280 Making Riot API request to: https://americas.api.riotgames.com/lol/match/v5/matches/NA1_5315690201
DEBUG 2025-07-18 00:17:24,075 connectionpool 10 140213579929280 Starting new HTTPS connection (1): americas.api.riotgames.com:443
DEBUG 2025-07-18 00:17:24,551 connectionpool 10 140213579929280 https://americas.api.riotgames.com:443 "GET /lol/match/v5/matches/NA1_5315690201 HTTP/1.1" 200 None
INFO 2025-07-18 00:17:24,609 riot_api 10 140213579929280 Riot API response status: 200
INFO 2025-07-18 00:17:24,611 riot_api 10 140213579929280 Riot API response data keys: ['metadata', 'info']
INFO 2025-07-18 00:17:24,612 views 10 140213579929280 Match NA1_5315690201 has 10 participants
INFO 2025-07-18 00:17:24,617 views 10 140213579929280 Successfully created match NA1_5315690201
INFO 2025-07-18 00:17:24,617 views 10 140213579929280 Processing match 39/50: NA1_5313583123
INFO 2025-07-18 00:17:24,618 views 10 140213579929280 Fetching match details for NA1_5313583123
INFO 2025-07-18 00:17:24,619 riot_api 10 140213579929280 Making Riot API request to: https://americas.api.riotgames.com/lol/match/v5/matches/NA1_5313583123
DEBUG 2025-07-18 00:17:24,620 connectionpool 10 140213579929280 Starting new HTTPS connection (1): americas.api.riotgames.com:443
DEBUG 2025-07-18 00:17:24,997 connectionpool 10 140213579929280 https://americas.api.riotgames.com:443 "GET /lol/match/v5/matches/NA1_5313583123 HTTP/1.1" 200 None
INFO 2025-07-18 00:17:25,003 riot_api 10 140213579929280 Riot API response status: 200
INFO 2025-07-18 00:17:25,004 riot_api 10 140213579929280 Riot API response data keys: ['metadata', 'info']
INFO 2025-07-18 00:17:25,006 views 10 140213579929280 Match NA1_5313583123 has 10 participants
INFO 2025-07-18 00:17:25,014 views 10 140213579929280 Successfully created match NA1_5313583123
INFO 2025-07-18 00:17:25,014 views 10 140213579929280 Processing match 40/50: NA1_5306715512
INFO 2025-07-18 00:17:25,016 views 10 140213579929280 Fetching match details for NA1_5306715512
INFO 2025-07-18 00:17:25,017 riot_api 10 140213579929280 Making Riot API request to: https://americas.api.riotgames.com/lol/match/v5/matches/NA1_5306715512
DEBUG 2025-07-18 00:17:25,018 connectionpool 10 140213579929280 Starting new HTTPS connection (1): americas.api.riotgames.com:443
DEBUG 2025-07-18 00:17:25,307 connectionpool 10 140213579929280 https://americas.api.riotgames.com:443 "GET /lol/match/v5/matches/NA1_5306715512 HTTP/1.1" 200 None
INFO 2025-07-18 00:17:25,311 riot_api 10 140213579929280 Riot API response status: 200
INFO 2025-07-18 00:17:25,312 riot_api 10 140213579929280 Riot API response data keys: ['metadata', 'info']
INFO 2025-07-18 00:17:25,314 views 10 140213579929280 Match NA1_5306715512 has 10 participants
INFO 2025-07-18 00:17:25,321 views 10 140213579929280 Successfully created match NA1_5306715512
INFO 2025-07-18 00:17:25,323 views 10 140213579929280 Processing match 41/50: NA1_5306680863
INFO 2025-07-18 00:17:25,326 views 10 140213579929280 Fetching match details for NA1_5306680863
INFO 2025-07-18 00:17:25,326 riot_api 10 140213579929280 Making Riot API request to: https://americas.api.riotgames.com/lol/match/v5/matches/NA1_5306680863
DEBUG 2025-07-18 00:17:25,328 connectionpool 10 140213579929280 Starting new HTTPS connection (1): americas.api.riotgames.com:443
DEBUG 2025-07-18 00:17:25,607 connectionpool 10 140213579929280 https://americas.api.riotgames.com:443 "GET /lol/match/v5/matches/NA1_5306680863 HTTP/1.1" 200 None
INFO 2025-07-18 00:17:25,613 riot_api 10 140213579929280 Riot API response status: 200
INFO 2025-07-18 00:17:25,615 riot_api 10 140213579929280 Riot API response data keys: ['metadata', 'info']
INFO 2025-07-18 00:17:25,616 views 10 140213579929280 Match NA1_5306680863 has 10 participants
INFO 2025-07-18 00:17:25,624 views 10 140213579929280 Successfully created match NA1_5306680863
INFO 2025-07-18 00:17:25,631 views 10 140213579929280 Processing match 42/50: NA1_5306175117
INFO 2025-07-18 00:17:25,633 views 10 140213579929280 Fetching match details for NA1_5306175117
INFO 2025-07-18 00:17:25,634 riot_api 10 140213579929280 Making Riot API request to: https://americas.api.riotgames.com/lol/match/v5/matches/NA1_5306175117
DEBUG 2025-07-18 00:17:25,638 connectionpool 10 140213579929280 Starting new HTTPS connection (1): americas.api.riotgames.com:443
DEBUG 2025-07-18 00:17:25,951 connectionpool 10 140213579929280 https://americas.api.riotgames.com:443 "GET /lol/match/v5/matches/NA1_5306175117 HTTP/1.1" 200 None
INFO 2025-07-18 00:17:25,954 riot_api 10 140213579929280 Riot API response status: 200
INFO 2025-07-18 00:17:25,955 riot_api 10 140213579929280 Riot API response data keys: ['metadata', 'info']
INFO 2025-07-18 00:17:25,958 views 10 140213579929280 Match NA1_5306175117 has 10 participants
INFO 2025-07-18 00:17:25,969 views 10 140213579929280 Successfully created match NA1_5306175117
INFO 2025-07-18 00:17:25,970 views 10 140213579929280 Processing match 43/50: NA1_5306133841
INFO 2025-07-18 00:17:25,972 views 10 140213579929280 Fetching match details for NA1_5306133841
INFO 2025-07-18 00:17:25,974 riot_api 10 140213579929280 Making Riot API request to: https://americas.api.riotgames.com/lol/match/v5/matches/NA1_5306133841
DEBUG 2025-07-18 00:17:25,975 connectionpool 10 140213579929280 Starting new HTTPS connection (1): americas.api.riotgames.com:443
DEBUG 2025-07-18 00:17:26,248 connectionpool 10 140213579929280 https://americas.api.riotgames.com:443 "GET /lol/match/v5/matches/NA1_5306133841 HTTP/1.1" 200 None
INFO 2025-07-18 00:17:26,255 riot_api 10 140213579929280 Riot API response status: 200
INFO 2025-07-18 00:17:26,259 riot_api 10 140213579929280 Riot API response data keys: ['metadata', 'info']
INFO 2025-07-18 00:17:26,262 views 10 140213579929280 Match NA1_5306133841 has 10 participants
INFO 2025-07-18 00:17:26,271 views 10 140213579929280 Successfully created match NA1_5306133841
INFO 2025-07-18 00:17:26,272 views 10 140213579929280 Processing match 44/50: NA1_5304615839
INFO 2025-07-18 00:17:26,275 views 10 140213579929280 Fetching match details for NA1_5304615839
INFO 2025-07-18 00:17:26,279 riot_api 10 140213579929280 Making Riot API request to: https://americas.api.riotgames.com/lol/match/v5/matches/NA1_5304615839
DEBUG 2025-07-18 00:17:26,280 connectionpool 10 140213579929280 Starting new HTTPS connection (1): americas.api.riotgames.com:443
DEBUG 2025-07-18 00:17:26,651 connectionpool 10 140213579929280 https://americas.api.riotgames.com:443 "GET /lol/match/v5/matches/NA1_5304615839 HTTP/1.1" 200 None
INFO 2025-07-18 00:17:26,655 riot_api 10 140213579929280 Riot API response status: 200
INFO 2025-07-18 00:17:26,657 riot_api 10 140213579929280 Riot API response data keys: ['metadata', 'info']
INFO 2025-07-18 00:17:26,659 views 10 140213579929280 Match NA1_5304615839 has 10 participants
INFO 2025-07-18 00:17:26,668 views 10 140213579929280 Successfully created match NA1_5304615839
INFO 2025-07-18 00:17:26,669 views 10 140213579929280 Processing match 45/50: NA1_5304379619
INFO 2025-07-18 00:17:26,671 views 10 140213579929280 Fetching match details for NA1_5304379619
INFO 2025-07-18 00:17:26,671 riot_api 10 140213579929280 Making Riot API request to: https://americas.api.riotgames.com/lol/match/v5/matches/NA1_5304379619
DEBUG 2025-07-18 00:17:26,673 connectionpool 10 140213579929280 Starting new HTTPS connection (1): americas.api.riotgames.com:443
DEBUG 2025-07-18 00:17:26,993 connectionpool 10 140213579929280 https://americas.api.riotgames.com:443 "GET /lol/match/v5/matches/NA1_5304379619 HTTP/1.1" 200 None
INFO 2025-07-18 00:17:26,996 riot_api 10 140213579929280 Riot API response status: 200
INFO 2025-07-18 00:17:26,997 riot_api 10 140213579929280 Riot API response data keys: ['metadata', 'info']
INFO 2025-07-18 00:17:26,998 views 10 140213579929280 Match NA1_5304379619 has 10 participants
INFO 2025-07-18 00:17:27,004 views 10 140213579929280 Successfully created match NA1_5304379619
INFO 2025-07-18 00:17:27,005 views 10 140213579929280 Processing match 46/50: NA1_5304335531
INFO 2025-07-18 00:17:27,007 views 10 140213579929280 Fetching match details for NA1_5304335531
INFO 2025-07-18 00:17:27,008 riot_api 10 140213579929280 Making Riot API request to: https://americas.api.riotgames.com/lol/match/v5/matches/NA1_5304335531
DEBUG 2025-07-18 00:17:27,010 connectionpool 10 140213579929280 Starting new HTTPS connection (1): americas.api.riotgames.com:443
DEBUG 2025-07-18 00:17:27,297 connectionpool 10 140213579929280 https://americas.api.riotgames.com:443 "GET /lol/match/v5/matches/NA1_5304335531 HTTP/1.1" 200 None
INFO 2025-07-18 00:17:27,359 riot_api 10 140213579929280 Riot API response status: 200
INFO 2025-07-18 00:17:27,360 riot_api 10 140213579929280 Riot API response data keys: ['metadata', 'info']
INFO 2025-07-18 00:17:27,363 views 10 140213579929280 Match NA1_5304335531 has 10 participants
INFO 2025-07-18 00:17:27,369 views 10 140213579929280 Successfully created match NA1_5304335531
INFO 2025-07-18 00:17:27,369 views 10 140213579929280 Processing match 47/50: NA1_5303991029
INFO 2025-07-18 00:17:27,370 views 10 140213579929280 Fetching match details for NA1_5303991029
INFO 2025-07-18 00:17:27,371 riot_api 10 140213579929280 Making Riot API request to: https://americas.api.riotgames.com/lol/match/v5/matches/NA1_5303991029
DEBUG 2025-07-18 00:17:27,372 connectionpool 10 140213579929280 Starting new HTTPS connection (1): americas.api.riotgames.com:443
DEBUG 2025-07-18 00:17:27,757 connectionpool 10 140213579929280 https://americas.api.riotgames.com:443 "GET /lol/match/v5/matches/NA1_5303991029 HTTP/1.1" 200 None
INFO 2025-07-18 00:17:27,764 riot_api 10 140213579929280 Riot API response status: 200
INFO 2025-07-18 00:17:27,765 riot_api 10 140213579929280 Riot API response data keys: ['metadata', 'info']
INFO 2025-07-18 00:17:27,767 views 10 140213579929280 Match NA1_5303991029 has 10 participants
INFO 2025-07-18 00:17:27,773 views 10 140213579929280 Successfully created match NA1_5303991029
INFO 2025-07-18 00:17:27,773 views 10 140213579929280 Processing match 48/50: NA1_5303766459
INFO 2025-07-18 00:17:27,775 views 10 140213579929280 Fetching match details for NA1_5303766459
INFO 2025-07-18 00:17:27,775 riot_api 10 140213579929280 Making Riot API request to: https://americas.api.riotgames.com/lol/match/v5/matches/NA1_5303766459
DEBUG 2025-07-18 00:17:27,779 connectionpool 10 140213579929280 Starting new HTTPS connection (1): americas.api.riotgames.com:443
DEBUG 2025-07-18 00:17:28,051 connectionpool 10 140213579929280 https://americas.api.riotgames.com:443 "GET /lol/match/v5/matches/NA1_5303766459 HTTP/1.1" 200 None
INFO 2025-07-18 00:17:28,057 riot_api 10 140213579929280 Riot API response status: 200
INFO 2025-07-18 00:17:28,059 riot_api 10 140213579929280 Riot API response data keys: ['metadata', 'info']
INFO 2025-07-18 00:17:28,062 views 10 140213579929280 Match NA1_5303766459 has 10 participants
INFO 2025-07-18 00:17:28,068 views 10 140213579929280 Successfully created match NA1_5303766459
INFO 2025-07-18 00:17:28,069 views 10 140213579929280 Processing match 49/50: NA1_5303748707
INFO 2025-07-18 00:17:28,071 views 10 140213579929280 Fetching match details for NA1_5303748707
INFO 2025-07-18 00:17:28,071 riot_api 10 140213579929280 Making Riot API request to: https://americas.api.riotgames.com/lol/match/v5/matches/NA1_5303748707
DEBUG 2025-07-18 00:17:28,073 connectionpool 10 140213579929280 Starting new HTTPS connection (1): americas.api.riotgames.com:443
DEBUG 2025-07-18 00:17:28,405 connectionpool 10 140213579929280 https://americas.api.riotgames.com:443 "GET /lol/match/v5/matches/NA1_5303748707 HTTP/1.1" 200 None
INFO 2025-07-18 00:17:28,410 riot_api 10 140213579929280 Riot API response status: 200
INFO 2025-07-18 00:17:28,411 riot_api 10 140213579929280 Riot API response data keys: ['metadata', 'info']
INFO 2025-07-18 00:17:28,413 views 10 140213579929280 Match NA1_5303748707 has 10 participants
INFO 2025-07-18 00:17:28,419 views 10 140213579929280 Successfully created match NA1_5303748707
INFO 2025-07-18 00:17:28,422 views 10 140213579929280 Processing match 50/50: NA1_5303483728
INFO 2025-07-18 00:17:28,425 views 10 140213579929280 Fetching match details for NA1_5303483728
INFO 2025-07-18 00:17:28,427 riot_api 10 140213579929280 Making Riot API request to: https://americas.api.riotgames.com/lol/match/v5/matches/NA1_5303483728
DEBUG 2025-07-18 00:17:28,429 connectionpool 10 140213579929280 Starting new HTTPS connection (1): americas.api.riotgames.com:443
DEBUG 2025-07-18 00:17:28,723 connectionpool 10 140213579929280 https://americas.api.riotgames.com:443 "GET /lol/match/v5/matches/NA1_5303483728 HTTP/1.1" 200 None
INFO 2025-07-18 00:17:28,728 riot_api 10 140213579929280 Riot API response status: 200
INFO 2025-07-18 00:17:28,730 riot_api 10 140213579929280 Riot API response data keys: ['metadata', 'info']
INFO 2025-07-18 00:17:28,732 views 10 140213579929280 Match NA1_5303483728 has 10 participants
INFO 2025-07-18 00:17:28,738 views 10 140213579929280 Successfully created match NA1_5303483728
INFO 2025-07-18 00:17:28,744 views 10 140213579929280 Successfully processed 37 new matches
INFO 2025-07-18 00:17:28,747 basehttp 10 140213579929280 "POST /api/friends/add-by-riot-id/ HTTP/1.1" 201 330
INFO 2025-07-18 00:18:09,130 views 10 140213579929280 Adding friend: BigLou#3690 in region na1 with 50 matches
INFO 2025-07-18 00:18:09,130 views 10 140213579929280 Fetching summoner data for BigLou#3690
INFO 2025-07-18 00:18:09,131 riot_api 10 140213579929280 Making Riot API request to: https://americas.api.riotgames.com/riot/account/v1/accounts/by-riot-id/BigLou/3690
DEBUG 2025-07-18 00:18:09,132 connectionpool 10 140213579929280 Starting new HTTPS connection (1): americas.api.riotgames.com:443
DEBUG 2025-07-18 00:18:09,321 connectionpool 10 140213579929280 https://americas.api.riotgames.com:443 "GET /riot/account/v1/accounts/by-riot-id/BigLou/3690 HTTP/1.1" 200 None
INFO 2025-07-18 00:18:09,323 riot_api 10 140213579929280 Riot API response status: 200
INFO 2025-07-18 00:18:09,323 riot_api 10 140213579929280 Riot API response data keys: ['puuid', 'gameName', 'tagLine']
INFO 2025-07-18 00:18:09,325 views 10 140213579929280 Summoner data received: {'puuid': 'gsD9ULYf-qRagEEEro_ikqWuzGWl3abKHeqAhrhOv38hJiZ6fYaZwAE_dwFnp1aoVWU3qKyWo97wOQ', 'gameName': 'BigLou', 'tagLine': '3690'}
INFO 2025-07-18 00:18:09,334 views 10 140213579929280 Friend created: BigLou#3690
INFO 2025-07-18 00:18:09,335 views 10 140213579929280 Fetching 50 match IDs for PUUID: gsD9ULYf-qRagEEEro_ikqWuzGWl3abKHeqAhrhOv38hJiZ6fYaZwAE_dwFnp1aoVWU3qKyWo97wOQ
INFO 2025-07-18 00:18:09,335 riot_api 10 140213579929280 Making Riot API request to: https://americas.api.riotgames.com/lol/match/v5/matches/by-puuid/gsD9ULYf-qRagEEEro_ikqWuzGWl3abKHeqAhrhOv38hJiZ6fYaZwAE_dwFnp1aoVWU3qKyWo97wOQ/ids
INFO 2025-07-18 00:18:09,336 riot_api 10 140213579929280 Request parameters: {'count': 50}
DEBUG 2025-07-18 00:18:09,339 connectionpool 10 140213579929280 Starting new HTTPS connection (1): americas.api.riotgames.com:443
DEBUG 2025-07-18 00:18:09,547 connectionpool 10 140213579929280 https://americas.api.riotgames.com:443 "GET /lol/match/v5/matches/by-puuid/gsD9ULYf-qRagEEEro_ikqWuzGWl3abKHeqAhrhOv38hJiZ6fYaZwAE_dwFnp1aoVWU3qKyWo97wOQ/ids?count=50 HTTP/1.1" 200 None
INFO 2025-07-18 00:18:09,548 riot_api 10 140213579929280 Riot API response status: 200
INFO 2025-07-18 00:18:09,548 riot_api 10 140213579929280 Riot API response data keys: Not a dict
INFO 2025-07-18 00:18:09,549 riot_api 10 140213579929280 Match IDs response type: <class 'list'>, content: ['NA1_5326743984', 'NA1_5326719721', 'NA1_5326706131', 'NA1_5324824116', 'NA1_5324800368', 'NA1_5324777590', 'NA1_5324756882', 'NA1_5324741272', 'NA1_5324334250', 'NA1_5324302272', 'NA1_5324280787', 'NA1_5322474265', 'NA1_5322444485', 'NA1_5320748450', 'NA1_5320723352', 'NA1_5320661442', 'NA1_5320628890', 'NA1_5320611891', 'NA1_5320216196', 'NA1_5320188616', 'NA1_5320161393', 'NA1_5320097093', 'NA1_5320077040', 'NA1_5320057044', 'NA1_5320033713', 'NA1_5320016793', 'NA1_5319965364', 'NA1_5319940946', 'NA1_5319923059', 'NA1_5319907034', 'NA1_5319874739', 'NA1_5319853695', 'NA1_5319836593', 'NA1_5317831417', 'NA1_5317804761', 'NA1_5316558201', 'NA1_5316515456', 'NA1_5316490663', 'NA1_5316444023', 'NA1_5316421120', 'NA1_5316410988', 'NA1_5316391379', 'NA1_5316046017', 'NA1_5316018183', 'NA1_5315997271', 'NA1_5315962404', 'NA1_5315940059', 'NA1_5315923076', 'NA1_5315883599', 'NA1_5315849442']
INFO 2025-07-18 00:18:09,550 views 10 140213579929280 Found 50 match IDs
INFO 2025-07-18 00:18:09,550 views 10 140213579929280 Processing match 1/50: NA1_5326743984
INFO 2025-07-18 00:18:09,552 views 10 140213579929280 Match NA1_5326743984 already exists, skipping
INFO 2025-07-18 00:18:09,553 views 10 140213579929280 Processing match 2/50: NA1_5326719721
INFO 2025-07-18 00:18:09,554 views 10 140213579929280 Fetching match details for NA1_5326719721
INFO 2025-07-18 00:18:09,555 riot_api 10 140213579929280 Making Riot API request to: https://americas.api.riotgames.com/lol/match/v5/matches/NA1_5326719721
DEBUG 2025-07-18 00:18:09,556 connectionpool 10 140213579929280 Starting new HTTPS connection (1): americas.api.riotgames.com:443
DEBUG 2025-07-18 00:18:09,894 connectionpool 10 140213579929280 https://americas.api.riotgames.com:443 "GET /lol/match/v5/matches/NA1_5326719721 HTTP/1.1" 200 None
INFO 2025-07-18 00:18:09,899 riot_api 10 140213579929280 Riot API response status: 200
INFO 2025-07-18 00:18:09,900 riot_api 10 140213579929280 Riot API response data keys: ['metadata', 'info']
INFO 2025-07-18 00:18:09,901 views 10 140213579929280 Match NA1_5326719721 has 10 participants
INFO 2025-07-18 00:18:09,907 views 10 140213579929280 Successfully created match NA1_5326719721
INFO 2025-07-18 00:18:09,907 views 10 140213579929280 Processing match 3/50: NA1_5326706131
INFO 2025-07-18 00:18:09,908 views 10 140213579929280 Fetching match details for NA1_5326706131
INFO 2025-07-18 00:18:09,908 riot_api 10 140213579929280 Making Riot API request to: https://americas.api.riotgames.com/lol/match/v5/matches/NA1_5326706131
DEBUG 2025-07-18 00:18:09,909 connectionpool 10 140213579929280 Starting new HTTPS connection (1): americas.api.riotgames.com:443
DEBUG 2025-07-18 00:18:10,160 connectionpool 10 140213579929280 https://americas.api.riotgames.com:443 "GET /lol/match/v5/matches/NA1_5326706131 HTTP/1.1" 200 None
INFO 2025-07-18 00:18:10,163 riot_api 10 140213579929280 Riot API response status: 200
INFO 2025-07-18 00:18:10,164 riot_api 10 140213579929280 Riot API response data keys: ['metadata', 'info']
INFO 2025-07-18 00:18:10,165 views 10 140213579929280 Match NA1_5326706131 has 10 participants
INFO 2025-07-18 00:18:10,171 views 10 140213579929280 Successfully created match NA1_5326706131
INFO 2025-07-18 00:18:10,171 views 10 140213579929280 Processing match 4/50: NA1_5324824116
INFO 2025-07-18 00:18:10,172 views 10 140213579929280 Fetching match details for NA1_5324824116
INFO 2025-07-18 00:18:10,173 riot_api 10 140213579929280 Making Riot API request to: https://americas.api.riotgames.com/lol/match/v5/matches/NA1_5324824116
DEBUG 2025-07-18 00:18:10,174 connectionpool 10 140213579929280 Starting new HTTPS connection (1): americas.api.riotgames.com:443
DEBUG 2025-07-18 00:18:10,535 connectionpool 10 140213579929280 https://americas.api.riotgames.com:443 "GET /lol/match/v5/matches/NA1_5324824116 HTTP/1.1" 200 None
INFO 2025-07-18 00:18:10,541 riot_api 10 140213579929280 Riot API response status: 200
INFO 2025-07-18 00:18:10,542 riot_api 10 140213579929280 Riot API response data keys: ['metadata', 'info']
INFO 2025-07-18 00:18:10,544 views 10 140213579929280 Match NA1_5324824116 has 10 participants
INFO 2025-07-18 00:18:10,555 views 10 140213579929280 Successfully created match NA1_5324824116
INFO 2025-07-18 00:18:10,557 views 10 140213579929280 Processing match 5/50: NA1_5324800368
INFO 2025-07-18 00:18:10,560 views 10 140213579929280 Fetching match details for NA1_5324800368
INFO 2025-07-18 00:18:10,567 riot_api 10 140213579929280 Making Riot API request to: https://americas.api.riotgames.com/lol/match/v5/matches/NA1_5324800368
DEBUG 2025-07-18 00:18:10,572 connectionpool 10 140213579929280 Starting new HTTPS connection (1): americas.api.riotgames.com:443
DEBUG 2025-07-18 00:18:10,908 connectionpool 10 140213579929280 https://americas.api.riotgames.com:443 "GET /lol/match/v5/matches/NA1_5324800368 HTTP/1.1" 200 None
INFO 2025-07-18 00:18:10,916 riot_api 10 140213579929280 Riot API response status: 200
INFO 2025-07-18 00:18:10,917 riot_api 10 140213579929280 Riot API response data keys: ['metadata', 'info']
INFO 2025-07-18 00:18:10,919 views 10 140213579929280 Match NA1_5324800368 has 10 participants
INFO 2025-07-18 00:18:10,929 views 10 140213579929280 Successfully created match NA1_5324800368
INFO 2025-07-18 00:18:10,930 views 10 140213579929280 Processing match 6/50: NA1_5324777590
INFO 2025-07-18 00:18:10,932 views 10 140213579929280 Fetching match details for NA1_5324777590
INFO 2025-07-18 00:18:10,933 riot_api 10 140213579929280 Making Riot API request to: https://americas.api.riotgames.com/lol/match/v5/matches/NA1_5324777590
DEBUG 2025-07-18 00:18:10,936 connectionpool 10 140213579929280 Starting new HTTPS connection (1): americas.api.riotgames.com:443
DEBUG 2025-07-18 00:18:11,206 connectionpool 10 140213579929280 https://americas.api.riotgames.com:443 "GET /lol/match/v5/matches/NA1_5324777590 HTTP/1.1" 200 None
INFO 2025-07-18 00:18:11,214 riot_api 10 140213579929280 Riot API response status: 200
INFO 2025-07-18 00:18:11,215 riot_api 10 140213579929280 Riot API response data keys: ['metadata', 'info']
INFO 2025-07-18 00:18:11,217 views 10 140213579929280 Match NA1_5324777590 has 10 participants
INFO 2025-07-18 00:18:11,225 views 10 140213579929280 Successfully created match NA1_5324777590
INFO 2025-07-18 00:18:11,226 views 10 140213579929280 Processing match 7/50: NA1_5324756882
INFO 2025-07-18 00:18:11,230 views 10 140213579929280 Fetching match details for NA1_5324756882
INFO 2025-07-18 00:18:11,231 riot_api 10 140213579929280 Making Riot API request to: https://americas.api.riotgames.com/lol/match/v5/matches/NA1_5324756882
DEBUG 2025-07-18 00:18:11,233 connectionpool 10 140213579929280 Starting new HTTPS connection (1): americas.api.riotgames.com:443
DEBUG 2025-07-18 00:18:11,542 connectionpool 10 140213579929280 https://americas.api.riotgames.com:443 "GET /lol/match/v5/matches/NA1_5324756882 HTTP/1.1" 200 None
INFO 2025-07-18 00:18:11,545 riot_api 10 140213579929280 Riot API response status: 200
INFO 2025-07-18 00:18:11,546 riot_api 10 140213579929280 Riot API response data keys: ['metadata', 'info']
INFO 2025-07-18 00:18:11,548 views 10 140213579929280 Match NA1_5324756882 has 10 participants
INFO 2025-07-18 00:18:11,553 views 10 140213579929280 Successfully created match NA1_5324756882
INFO 2025-07-18 00:18:11,554 views 10 140213579929280 Processing match 8/50: NA1_5324741272
INFO 2025-07-18 00:18:11,556 views 10 140213579929280 Fetching match details for NA1_5324741272
INFO 2025-07-18 00:18:11,560 riot_api 10 140213579929280 Making Riot API request to: https://americas.api.riotgames.com/lol/match/v5/matches/NA1_5324741272
DEBUG 2025-07-18 00:18:11,562 connectionpool 10 140213579929280 Starting new HTTPS connection (1): americas.api.riotgames.com:443
DEBUG 2025-07-18 00:18:11,842 connectionpool 10 140213579929280 https://americas.api.riotgames.com:443 "GET /lol/match/v5/matches/NA1_5324741272 HTTP/1.1" 200 None
INFO 2025-07-18 00:18:11,845 riot_api 10 140213579929280 Riot API response status: 200
INFO 2025-07-18 00:18:11,846 riot_api 10 140213579929280 Riot API response data keys: ['metadata', 'info']
INFO 2025-07-18 00:18:11,847 views 10 140213579929280 Match NA1_5324741272 has 10 participants
INFO 2025-07-18 00:18:11,857 views 10 140213579929280 Successfully created match NA1_5324741272
INFO 2025-07-18 00:18:11,857 views 10 140213579929280 Processing match 9/50: NA1_5324334250
INFO 2025-07-18 00:18:11,865 views 10 140213579929280 Match NA1_5324334250 already exists, skipping
INFO 2025-07-18 00:18:11,867 views 10 140213579929280 Processing match 10/50: NA1_5324302272
INFO 2025-07-18 00:18:11,869 views 10 140213579929280 Match NA1_5324302272 already exists, skipping
INFO 2025-07-18 00:18:11,869 views 10 140213579929280 Processing match 11/50: NA1_5324280787
INFO 2025-07-18 00:18:11,872 views 10 140213579929280 Match NA1_5324280787 already exists, skipping
INFO 2025-07-18 00:18:11,872 views 10 140213579929280 Processing match 12/50: NA1_5322474265
INFO 2025-07-18 00:18:11,873 views 10 140213579929280 Fetching match details for NA1_5322474265
INFO 2025-07-18 00:18:11,873 riot_api 10 140213579929280 Making Riot API request to: https://americas.api.riotgames.com/lol/match/v5/matches/NA1_5322474265
DEBUG 2025-07-18 00:18:11,874 connectionpool 10 140213579929280 Starting new HTTPS connection (1): americas.api.riotgames.com:443
DEBUG 2025-07-18 00:18:12,149 connectionpool 10 140213579929280 https://americas.api.riotgames.com:443 "GET /lol/match/v5/matches/NA1_5322474265 HTTP/1.1" 200 None
INFO 2025-07-18 00:18:12,156 riot_api 10 140213579929280 Riot API response status: 200
INFO 2025-07-18 00:18:12,159 riot_api 10 140213579929280 Riot API response data keys: ['metadata', 'info']
INFO 2025-07-18 00:18:12,163 views 10 140213579929280 Match NA1_5322474265 has 10 participants
INFO 2025-07-18 00:18:12,170 views 10 140213579929280 Successfully created match NA1_5322474265
INFO 2025-07-18 00:18:12,170 views 10 140213579929280 Processing match 13/50: NA1_5322444485
INFO 2025-07-18 00:18:12,172 views 10 140213579929280 Fetching match details for NA1_5322444485
INFO 2025-07-18 00:18:12,172 riot_api 10 140213579929280 Making Riot API request to: https://americas.api.riotgames.com/lol/match/v5/matches/NA1_5322444485
DEBUG 2025-07-18 00:18:12,173 connectionpool 10 140213579929280 Starting new HTTPS connection (1): americas.api.riotgames.com:443
DEBUG 2025-07-18 00:18:12,434 connectionpool 10 140213579929280 https://americas.api.riotgames.com:443 "GET /lol/match/v5/matches/NA1_5322444485 HTTP/1.1" 200 None
INFO 2025-07-18 00:18:12,493 riot_api 10 140213579929280 Riot API response status: 200
INFO 2025-07-18 00:18:12,494 riot_api 10 140213579929280 Riot API response data keys: ['metadata', 'info']
INFO 2025-07-18 00:18:12,495 views 10 140213579929280 Match NA1_5322444485 has 10 participants
INFO 2025-07-18 00:18:12,501 views 10 140213579929280 Successfully created match NA1_5322444485
INFO 2025-07-18 00:18:12,502 views 10 140213579929280 Processing match 14/50: NA1_5320748450
INFO 2025-07-18 00:18:12,503 views 10 140213579929280 Fetching match details for NA1_5320748450
INFO 2025-07-18 00:18:12,503 riot_api 10 140213579929280 Making Riot API request to: https://americas.api.riotgames.com/lol/match/v5/matches/NA1_5320748450
DEBUG 2025-07-18 00:18:12,504 connectionpool 10 140213579929280 Starting new HTTPS connection (1): americas.api.riotgames.com:443
DEBUG 2025-07-18 00:18:12,918 connectionpool 10 140213579929280 https://americas.api.riotgames.com:443 "GET /lol/match/v5/matches/NA1_5320748450 HTTP/1.1" 200 None
INFO 2025-07-18 00:18:12,924 riot_api 10 140213579929280 Riot API response status: 200
INFO 2025-07-18 00:18:12,925 riot_api 10 140213579929280 Riot API response data keys: ['metadata', 'info']
INFO 2025-07-18 00:18:12,927 views 10 140213579929280 Match NA1_5320748450 has 10 participants
INFO 2025-07-18 00:18:12,933 views 10 140213579929280 Successfully created match NA1_5320748450
INFO 2025-07-18 00:18:12,933 views 10 140213579929280 Processing match 15/50: NA1_5320723352
INFO 2025-07-18 00:18:12,936 views 10 140213579929280 Fetching match details for NA1_5320723352
INFO 2025-07-18 00:18:12,936 riot_api 10 140213579929280 Making Riot API request to: https://americas.api.riotgames.com/lol/match/v5/matches/NA1_5320723352
DEBUG 2025-07-18 00:18:12,937 connectionpool 10 140213579929280 Starting new HTTPS connection (1): americas.api.riotgames.com:443
DEBUG 2025-07-18 00:18:13,285 connectionpool 10 140213579929280 https://americas.api.riotgames.com:443 "GET /lol/match/v5/matches/NA1_5320723352 HTTP/1.1" 200 None
INFO 2025-07-18 00:18:13,290 riot_api 10 140213579929280 Riot API response status: 200
INFO 2025-07-18 00:18:13,291 riot_api 10 140213579929280 Riot API response data keys: ['metadata', 'info']
INFO 2025-07-18 00:18:13,292 views 10 140213579929280 Match NA1_5320723352 has 10 participants
INFO 2025-07-18 00:18:13,298 views 10 140213579929280 Successfully created match NA1_5320723352
INFO 2025-07-18 00:18:13,298 views 10 140213579929280 Processing match 16/50: NA1_5320661442
INFO 2025-07-18 00:18:13,299 views 10 140213579929280 Fetching match details for NA1_5320661442
INFO 2025-07-18 00:18:13,300 riot_api 10 140213579929280 Making Riot API request to: https://americas.api.riotgames.com/lol/match/v5/matches/NA1_5320661442
DEBUG 2025-07-18 00:18:13,302 connectionpool 10 140213579929280 Starting new HTTPS connection (1): americas.api.riotgames.com:443
DEBUG 2025-07-18 00:18:13,595 connectionpool 10 140213579929280 https://americas.api.riotgames.com:443 "GET /lol/match/v5/matches/NA1_5320661442 HTTP/1.1" 200 None
INFO 2025-07-18 00:18:13,601 riot_api 10 140213579929280 Riot API response status: 200
INFO 2025-07-18 00:18:13,602 riot_api 10 140213579929280 Riot API response data keys: ['metadata', 'info']
INFO 2025-07-18 00:18:13,603 views 10 140213579929280 Match NA1_5320661442 has 10 participants
INFO 2025-07-18 00:18:13,609 views 10 140213579929280 Successfully created match NA1_5320661442
INFO 2025-07-18 00:18:13,610 views 10 140213579929280 Processing match 17/50: NA1_5320628890
INFO 2025-07-18 00:18:13,612 views 10 140213579929280 Fetching match details for NA1_5320628890
INFO 2025-07-18 00:18:13,614 riot_api 10 140213579929280 Making Riot API request to: https://americas.api.riotgames.com/lol/match/v5/matches/NA1_5320628890
DEBUG 2025-07-18 00:18:13,617 connectionpool 10 140213579929280 Starting new HTTPS connection (1): americas.api.riotgames.com:443
DEBUG 2025-07-18 00:18:13,935 connectionpool 10 140213579929280 https://americas.api.riotgames.com:443 "GET /lol/match/v5/matches/NA1_5320628890 HTTP/1.1" 200 None
INFO 2025-07-18 00:18:13,941 riot_api 10 140213579929280 Riot API response status: 200
INFO 2025-07-18 00:18:13,942 riot_api 10 140213579929280 Riot API response data keys: ['metadata', 'info']
INFO 2025-07-18 00:18:13,946 views 10 140213579929280 Match NA1_5320628890 has 10 participants
INFO 2025-07-18 00:18:13,953 views 10 140213579929280 Successfully created match NA1_5320628890
INFO 2025-07-18 00:18:13,953 views 10 140213579929280 Processing match 18/50: NA1_5320611891
INFO 2025-07-18 00:18:13,955 views 10 140213579929280 Fetching match details for NA1_5320611891
INFO 2025-07-18 00:18:13,955 riot_api 10 140213579929280 Making Riot API request to: https://americas.api.riotgames.com/lol/match/v5/matches/NA1_5320611891
DEBUG 2025-07-18 00:18:13,957 connectionpool 10 140213579929280 Starting new HTTPS connection (1): americas.api.riotgames.com:443
DEBUG 2025-07-18 00:18:14,211 connectionpool 10 140213579929280 https://americas.api.riotgames.com:443 "GET /lol/match/v5/matches/NA1_5320611891 HTTP/1.1" 200 None
INFO 2025-07-18 00:18:14,278 riot_api 10 140213579929280 Riot API response status: 200
INFO 2025-07-18 00:18:14,279 riot_api 10 140213579929280 Riot API response data keys: ['metadata', 'info']
INFO 2025-07-18 00:18:14,281 views 10 140213579929280 Match NA1_5320611891 has 10 participants
INFO 2025-07-18 00:18:14,287 views 10 140213579929280 Successfully created match NA1_5320611891
INFO 2025-07-18 00:18:14,287 views 10 140213579929280 Processing match 19/50: NA1_5320216196
INFO 2025-07-18 00:18:14,288 views 10 140213579929280 Fetching match details for NA1_5320216196
INFO 2025-07-18 00:18:14,289 riot_api 10 140213579929280 Making Riot API request to: https://americas.api.riotgames.com/lol/match/v5/matches/NA1_5320216196
DEBUG 2025-07-18 00:18:14,290 connectionpool 10 140213579929280 Starting new HTTPS connection (1): americas.api.riotgames.com:443
DEBUG 2025-07-18 00:18:14,591 connectionpool 10 140213579929280 https://americas.api.riotgames.com:443 "GET /lol/match/v5/matches/NA1_5320216196 HTTP/1.1" 200 None
INFO 2025-07-18 00:18:14,595 riot_api 10 140213579929280 Riot API response status: 200
INFO 2025-07-18 00:18:14,596 riot_api 10 140213579929280 Riot API response data keys: ['metadata', 'info']
INFO 2025-07-18 00:18:14,598 views 10 140213579929280 Match NA1_5320216196 has 10 participants
INFO 2025-07-18 00:18:14,605 views 10 140213579929280 Successfully created match NA1_5320216196
INFO 2025-07-18 00:18:14,605 views 10 140213579929280 Processing match 20/50: NA1_5320188616
INFO 2025-07-18 00:18:14,607 views 10 140213579929280 Fetching match details for NA1_5320188616
INFO 2025-07-18 00:18:14,607 riot_api 10 140213579929280 Making Riot API request to: https://americas.api.riotgames.com/lol/match/v5/matches/NA1_5320188616
DEBUG 2025-07-18 00:18:14,610 connectionpool 10 140213579929280 Starting new HTTPS connection (1): americas.api.riotgames.com:443
DEBUG 2025-07-18 00:18:15,017 connectionpool 10 140213579929280 https://americas.api.riotgames.com:443 "GET /lol/match/v5/matches/NA1_5320188616 HTTP/1.1" 200 None
INFO 2025-07-18 00:18:15,021 riot_api 10 140213579929280 Riot API response status: 200
INFO 2025-07-18 00:18:15,022 riot_api 10 140213579929280 Riot API response data keys: ['metadata', 'info']
INFO 2025-07-18 00:18:15,024 views 10 140213579929280 Match NA1_5320188616 has 10 participants
INFO 2025-07-18 00:18:15,030 views 10 140213579929280 Successfully created match NA1_5320188616
INFO 2025-07-18 00:18:15,030 views 10 140213579929280 Processing match 21/50: NA1_5320161393
INFO 2025-07-18 00:18:15,032 views 10 140213579929280 Fetching match details for NA1_5320161393
INFO 2025-07-18 00:18:15,032 riot_api 10 140213579929280 Making Riot API request to: https://americas.api.riotgames.com/lol/match/v5/matches/NA1_5320161393
DEBUG 2025-07-18 00:18:15,033 connectionpool 10 140213579929280 Starting new HTTPS connection (1): americas.api.riotgames.com:443
DEBUG 2025-07-18 00:18:15,316 connectionpool 10 140213579929280 https://americas.api.riotgames.com:443 "GET /lol/match/v5/matches/NA1_5320161393 HTTP/1.1" 200 None
INFO 2025-07-18 00:18:15,322 riot_api 10 140213579929280 Riot API response status: 200
INFO 2025-07-18 00:18:15,323 riot_api 10 140213579929280 Riot API response data keys: ['metadata', 'info']
INFO 2025-07-18 00:18:15,324 views 10 140213579929280 Match NA1_5320161393 has 10 participants
INFO 2025-07-18 00:18:15,332 views 10 140213579929280 Successfully created match NA1_5320161393
INFO 2025-07-18 00:18:15,333 views 10 140213579929280 Processing match 22/50: NA1_5320097093
INFO 2025-07-18 00:18:15,334 views 10 140213579929280 Fetching match details for NA1_5320097093
INFO 2025-07-18 00:18:15,335 riot_api 10 140213579929280 Making Riot API request to: https://americas.api.riotgames.com/lol/match/v5/matches/NA1_5320097093
DEBUG 2025-07-18 00:18:15,336 connectionpool 10 140213579929280 Starting new HTTPS connection (1): americas.api.riotgames.com:443
DEBUG 2025-07-18 00:18:15,610 connectionpool 10 140213579929280 https://americas.api.riotgames.com:443 "GET /lol/match/v5/matches/NA1_5320097093 HTTP/1.1" 200 None
INFO 2025-07-18 00:18:15,615 riot_api 10 140213579929280 Riot API response status: 200
INFO 2025-07-18 00:18:15,617 riot_api 10 140213579929280 Riot API response data keys: ['metadata', 'info']
INFO 2025-07-18 00:18:15,619 views 10 140213579929280 Match NA1_5320097093 has 10 participants
INFO 2025-07-18 00:18:15,626 views 10 140213579929280 Successfully created match NA1_5320097093
INFO 2025-07-18 00:18:15,627 views 10 140213579929280 Processing match 23/50: NA1_5320077040
INFO 2025-07-18 00:18:15,629 views 10 140213579929280 Fetching match details for NA1_5320077040
INFO 2025-07-18 00:18:15,630 riot_api 10 140213579929280 Making Riot API request to: https://americas.api.riotgames.com/lol/match/v5/matches/NA1_5320077040
DEBUG 2025-07-18 00:18:15,631 connectionpool 10 140213579929280 Starting new HTTPS connection (1): americas.api.riotgames.com:443
DEBUG 2025-07-18 00:18:15,941 connectionpool 10 140213579929280 https://americas.api.riotgames.com:443 "GET /lol/match/v5/matches/NA1_5320077040 HTTP/1.1" 200 None
INFO 2025-07-18 00:18:15,945 riot_api 10 140213579929280 Riot API response status: 200
INFO 2025-07-18 00:18:15,946 riot_api 10 140213579929280 Riot API response data keys: ['metadata', 'info']
INFO 2025-07-18 00:18:15,948 views 10 140213579929280 Match NA1_5320077040 has 10 participants
INFO 2025-07-18 00:18:15,960 views 10 140213579929280 Successfully created match NA1_5320077040
INFO 2025-07-18 00:18:15,961 views 10 140213579929280 Processing match 24/50: NA1_5320057044
INFO 2025-07-18 00:18:15,963 views 10 140213579929280 Fetching match details for NA1_5320057044
INFO 2025-07-18 00:18:15,963 riot_api 10 140213579929280 Making Riot API request to: https://americas.api.riotgames.com/lol/match/v5/matches/NA1_5320057044
DEBUG 2025-07-18 00:18:15,965 connectionpool 10 140213579929280 Starting new HTTPS connection (1): americas.api.riotgames.com:443
DEBUG 2025-07-18 00:18:16,215 connectionpool 10 140213579929280 https://americas.api.riotgames.com:443 "GET /lol/match/v5/matches/NA1_5320057044 HTTP/1.1" 200 None
INFO 2025-07-18 00:18:16,220 riot_api 10 140213579929280 Riot API response status: 200
INFO 2025-07-18 00:18:16,222 riot_api 10 140213579929280 Riot API response data keys: ['metadata', 'info']
INFO 2025-07-18 00:18:16,224 views 10 140213579929280 Match NA1_5320057044 has 10 participants
INFO 2025-07-18 00:18:16,230 views 10 140213579929280 Successfully created match NA1_5320057044
INFO 2025-07-18 00:18:16,231 views 10 140213579929280 Processing match 25/50: NA1_5320033713
INFO 2025-07-18 00:18:16,232 views 10 140213579929280 Fetching match details for NA1_5320033713
INFO 2025-07-18 00:18:16,235 riot_api 10 140213579929280 Making Riot API request to: https://americas.api.riotgames.com/lol/match/v5/matches/NA1_5320033713
DEBUG 2025-07-18 00:18:16,237 connectionpool 10 140213579929280 Starting new HTTPS connection (1): americas.api.riotgames.com:443
DEBUG 2025-07-18 00:18:16,536 connectionpool 10 140213579929280 https://americas.api.riotgames.com:443 "GET /lol/match/v5/matches/NA1_5320033713 HTTP/1.1" 200 None
INFO 2025-07-18 00:18:16,599 riot_api 10 140213579929280 Riot API response status: 200
INFO 2025-07-18 00:18:16,601 riot_api 10 140213579929280 Riot API response data keys: ['metadata', 'info']
INFO 2025-07-18 00:18:16,602 views 10 140213579929280 Match NA1_5320033713 has 10 participants
INFO 2025-07-18 00:18:16,607 views 10 140213579929280 Successfully created match NA1_5320033713
INFO 2025-07-18 00:18:16,607 views 10 140213579929280 Processing match 26/50: NA1_5320016793
INFO 2025-07-18 00:18:16,608 views 10 140213579929280 Fetching match details for NA1_5320016793
INFO 2025-07-18 00:18:16,608 riot_api 10 140213579929280 Making Riot API request to: https://americas.api.riotgames.com/lol/match/v5/matches/NA1_5320016793
DEBUG 2025-07-18 00:18:16,609 connectionpool 10 140213579929280 Starting new HTTPS connection (1): americas.api.riotgames.com:443
DEBUG 2025-07-18 00:18:16,922 connectionpool 10 140213579929280 https://americas.api.riotgames.com:443 "GET /lol/match/v5/matches/NA1_5320016793 HTTP/1.1" 200 None
INFO 2025-07-18 00:18:16,927 riot_api 10 140213579929280 Riot API response status: 200
INFO 2025-07-18 00:18:16,928 riot_api 10 140213579929280 Riot API response data keys: ['metadata', 'info']
INFO 2025-07-18 00:18:16,930 views 10 140213579929280 Match NA1_5320016793 has 10 participants
INFO 2025-07-18 00:18:16,935 views 10 140213579929280 Successfully created match NA1_5320016793
INFO 2025-07-18 00:18:16,936 views 10 140213579929280 Processing match 27/50: NA1_5319965364
INFO 2025-07-18 00:18:16,938 views 10 140213579929280 Fetching match details for NA1_5319965364
INFO 2025-07-18 00:18:16,939 riot_api 10 140213579929280 Making Riot API request to: https://americas.api.riotgames.com/lol/match/v5/matches/NA1_5319965364
DEBUG 2025-07-18 00:18:16,940 connectionpool 10 140213579929280 Starting new HTTPS connection (1): americas.api.riotgames.com:443
DEBUG 2025-07-18 00:18:17,210 connectionpool 10 140213579929280 https://americas.api.riotgames.com:443 "GET /lol/match/v5/matches/NA1_5319965364 HTTP/1.1" 200 None
INFO 2025-07-18 00:18:17,270 riot_api 10 140213579929280 Riot API response status: 200
INFO 2025-07-18 00:18:17,271 riot_api 10 140213579929280 Riot API response data keys: ['metadata', 'info']
INFO 2025-07-18 00:18:17,273 views 10 140213579929280 Match NA1_5319965364 has 10 participants
INFO 2025-07-18 00:18:17,282 views 10 140213579929280 Successfully created match NA1_5319965364
INFO 2025-07-18 00:18:17,283 views 10 140213579929280 Processing match 28/50: NA1_5319940946
INFO 2025-07-18 00:18:17,287 views 10 140213579929280 Fetching match details for NA1_5319940946
INFO 2025-07-18 00:18:17,289 riot_api 10 140213579929280 Making Riot API request to: https://americas.api.riotgames.com/lol/match/v5/matches/NA1_5319940946
DEBUG 2025-07-18 00:18:17,295 connectionpool 10 140213579929280 Starting new HTTPS connection (1): americas.api.riotgames.com:443
DEBUG 2025-07-18 00:18:17,565 connectionpool 10 140213579929280 https://americas.api.riotgames.com:443 "GET /lol/match/v5/matches/NA1_5319940946 HTTP/1.1" 200 None
INFO 2025-07-18 00:18:17,571 riot_api 10 140213579929280 Riot API response status: 200
INFO 2025-07-18 00:18:17,572 riot_api 10 140213579929280 Riot API response data keys: ['metadata', 'info']
INFO 2025-07-18 00:18:17,574 views 10 140213579929280 Match NA1_5319940946 has 10 participants
INFO 2025-07-18 00:18:17,581 views 10 140213579929280 Successfully created match NA1_5319940946
INFO 2025-07-18 00:18:17,592 views 10 140213579929280 Processing match 29/50: NA1_5319923059
INFO 2025-07-18 00:18:17,594 views 10 140213579929280 Fetching match details for NA1_5319923059
INFO 2025-07-18 00:18:17,595 riot_api 10 140213579929280 Making Riot API request to: https://americas.api.riotgames.com/lol/match/v5/matches/NA1_5319923059
DEBUG 2025-07-18 00:18:17,598 connectionpool 10 140213579929280 Starting new HTTPS connection (1): americas.api.riotgames.com:443
DEBUG 2025-07-18 00:18:17,891 connectionpool 10 140213579929280 https://americas.api.riotgames.com:443 "GET /lol/match/v5/matches/NA1_5319923059 HTTP/1.1" 200 None
INFO 2025-07-18 00:18:17,893 riot_api 10 140213579929280 Riot API response status: 200
INFO 2025-07-18 00:18:17,894 riot_api 10 140213579929280 Riot API response data keys: ['metadata', 'info']
INFO 2025-07-18 00:18:17,895 views 10 140213579929280 Match NA1_5319923059 has 10 participants
INFO 2025-07-18 00:18:17,902 views 10 140213579929280 Successfully created match NA1_5319923059
INFO 2025-07-18 00:18:17,902 views 10 140213579929280 Processing match 30/50: NA1_5319907034
INFO 2025-07-18 00:18:17,903 views 10 140213579929280 Fetching match details for NA1_5319907034
INFO 2025-07-18 00:18:17,904 riot_api 10 140213579929280 Making Riot API request to: https://americas.api.riotgames.com/lol/match/v5/matches/NA1_5319907034
DEBUG 2025-07-18 00:18:17,905 connectionpool 10 140213579929280 Starting new HTTPS connection (1): americas.api.riotgames.com:443
DEBUG 2025-07-18 00:18:18,240 connectionpool 10 140213579929280 https://americas.api.riotgames.com:443 "GET /lol/match/v5/matches/NA1_5319907034 HTTP/1.1" 200 None
INFO 2025-07-18 00:18:18,249 riot_api 10 140213579929280 Riot API response status: 200
INFO 2025-07-18 00:18:18,250 riot_api 10 140213579929280 Riot API response data keys: ['metadata', 'info']
INFO 2025-07-18 00:18:18,257 views 10 140213579929280 Match NA1_5319907034 has 10 participants
INFO 2025-07-18 00:18:18,265 views 10 140213579929280 Successfully created match NA1_5319907034
INFO 2025-07-18 00:18:18,267 views 10 140213579929280 Processing match 31/50: NA1_5319874739
INFO 2025-07-18 00:18:18,268 views 10 140213579929280 Fetching match details for NA1_5319874739
INFO 2025-07-18 00:18:18,270 riot_api 10 140213579929280 Making Riot API request to: https://americas.api.riotgames.com/lol/match/v5/matches/NA1_5319874739
DEBUG 2025-07-18 00:18:18,272 connectionpool 10 140213579929280 Starting new HTTPS connection (1): americas.api.riotgames.com:443
DEBUG 2025-07-18 00:18:18,509 connectionpool 10 140213579929280 https://americas.api.riotgames.com:443 "GET /lol/match/v5/matches/NA1_5319874739 HTTP/1.1" 200 None
INFO 2025-07-18 00:18:18,588 riot_api 10 140213579929280 Riot API response status: 200
INFO 2025-07-18 00:18:18,590 riot_api 10 140213579929280 Riot API response data keys: ['metadata', 'info']
INFO 2025-07-18 00:18:18,596 views 10 140213579929280 Match NA1_5319874739 has 10 participants
INFO 2025-07-18 00:18:18,604 views 10 140213579929280 Successfully created match NA1_5319874739
INFO 2025-07-18 00:18:18,605 views 10 140213579929280 Processing match 32/50: NA1_5319853695
INFO 2025-07-18 00:18:18,609 views 10 140213579929280 Fetching match details for NA1_5319853695
INFO 2025-07-18 00:18:18,612 riot_api 10 140213579929280 Making Riot API request to: https://americas.api.riotgames.com/lol/match/v5/matches/NA1_5319853695
DEBUG 2025-07-18 00:18:18,615 connectionpool 10 140213579929280 Starting new HTTPS connection (1): americas.api.riotgames.com:443
DEBUG 2025-07-18 00:18:18,928 connectionpool 10 140213579929280 https://americas.api.riotgames.com:443 "GET /lol/match/v5/matches/NA1_5319853695 HTTP/1.1" 200 None
INFO 2025-07-18 00:18:18,932 riot_api 10 140213579929280 Riot API response status: 200
INFO 2025-07-18 00:18:18,933 riot_api 10 140213579929280 Riot API response data keys: ['metadata', 'info']
INFO 2025-07-18 00:18:18,935 views 10 140213579929280 Match NA1_5319853695 has 10 participants
INFO 2025-07-18 00:18:18,940 views 10 140213579929280 Successfully created match NA1_5319853695
INFO 2025-07-18 00:18:18,941 views 10 140213579929280 Processing match 33/50: NA1_5319836593
INFO 2025-07-18 00:18:18,942 views 10 140213579929280 Fetching match details for NA1_5319836593
INFO 2025-07-18 00:18:18,942 riot_api 10 140213579929280 Making Riot API request to: https://americas.api.riotgames.com/lol/match/v5/matches/NA1_5319836593
DEBUG 2025-07-18 00:18:18,943 connectionpool 10 140213579929280 Starting new HTTPS connection (1): americas.api.riotgames.com:443
DEBUG 2025-07-18 00:18:19,226 connectionpool 10 140213579929280 https://americas.api.riotgames.com:443 "GET /lol/match/v5/matches/NA1_5319836593 HTTP/1.1" 200 None
INFO 2025-07-18 00:18:19,228 riot_api 10 140213579929280 Riot API response status: 200
INFO 2025-07-18 00:18:19,229 riot_api 10 140213579929280 Riot API response data keys: ['metadata', 'info']
INFO 2025-07-18 00:18:19,231 views 10 140213579929280 Match NA1_5319836593 has 10 participants
INFO 2025-07-18 00:18:19,236 views 10 140213579929280 Successfully created match NA1_5319836593
INFO 2025-07-18 00:18:19,237 views 10 140213579929280 Processing match 34/50: NA1_5317831417
INFO 2025-07-18 00:18:19,239 views 10 140213579929280 Fetching match details for NA1_5317831417
INFO 2025-07-18 00:18:19,239 riot_api 10 140213579929280 Making Riot API request to: https://americas.api.riotgames.com/lol/match/v5/matches/NA1_5317831417
DEBUG 2025-07-18 00:18:19,241 connectionpool 10 140213579929280 Starting new HTTPS connection (1): americas.api.riotgames.com:443
DEBUG 2025-07-18 00:18:19,578 connectionpool 10 140213579929280 https://americas.api.riotgames.com:443 "GET /lol/match/v5/matches/NA1_5317831417 HTTP/1.1" 200 None
INFO 2025-07-18 00:18:19,584 riot_api 10 140213579929280 Riot API response status: 200
INFO 2025-07-18 00:18:19,586 riot_api 10 140213579929280 Riot API response data keys: ['metadata', 'info']
INFO 2025-07-18 00:18:19,591 views 10 140213579929280 Match NA1_5317831417 has 10 participants
INFO 2025-07-18 00:18:19,599 views 10 140213579929280 Successfully created match NA1_5317831417
INFO 2025-07-18 00:18:19,600 views 10 140213579929280 Processing match 35/50: NA1_5317804761
INFO 2025-07-18 00:18:19,603 views 10 140213579929280 Fetching match details for NA1_5317804761
INFO 2025-07-18 00:18:19,604 riot_api 10 140213579929280 Making Riot API request to: https://americas.api.riotgames.com/lol/match/v5/matches/NA1_5317804761
DEBUG 2025-07-18 00:18:19,605 connectionpool 10 140213579929280 Starting new HTTPS connection (1): americas.api.riotgames.com:443
DEBUG 2025-07-18 00:18:19,942 connectionpool 10 140213579929280 https://americas.api.riotgames.com:443 "GET /lol/match/v5/matches/NA1_5317804761 HTTP/1.1" 200 None
INFO 2025-07-18 00:18:19,950 riot_api 10 140213579929280 Riot API response status: 200
INFO 2025-07-18 00:18:19,951 riot_api 10 140213579929280 Riot API response data keys: ['metadata', 'info']
INFO 2025-07-18 00:18:19,954 views 10 140213579929280 Match NA1_5317804761 has 10 participants
INFO 2025-07-18 00:18:19,964 views 10 140213579929280 Successfully created match NA1_5317804761
INFO 2025-07-18 00:18:19,965 views 10 140213579929280 Processing match 36/50: NA1_5316558201
INFO 2025-07-18 00:18:19,967 views 10 140213579929280 Fetching match details for NA1_5316558201
INFO 2025-07-18 00:18:19,969 riot_api 10 140213579929280 Making Riot API request to: https://americas.api.riotgames.com/lol/match/v5/matches/NA1_5316558201
DEBUG 2025-07-18 00:18:19,972 connectionpool 10 140213579929280 Starting new HTTPS connection (1): americas.api.riotgames.com:443
DEBUG 2025-07-18 00:18:20,288 connectionpool 10 140213579929280 https://americas.api.riotgames.com:443 "GET /lol/match/v5/matches/NA1_5316558201 HTTP/1.1" 200 None
INFO 2025-07-18 00:18:20,346 riot_api 10 140213579929280 Riot API response status: 200
INFO 2025-07-18 00:18:20,347 riot_api 10 140213579929280 Riot API response data keys: ['metadata', 'info']
INFO 2025-07-18 00:18:20,349 views 10 140213579929280 Match NA1_5316558201 has 10 participants
INFO 2025-07-18 00:18:20,354 views 10 140213579929280 Successfully created match NA1_5316558201
INFO 2025-07-18 00:18:20,354 views 10 140213579929280 Processing match 37/50: NA1_5316515456
INFO 2025-07-18 00:18:20,355 views 10 140213579929280 Fetching match details for NA1_5316515456
INFO 2025-07-18 00:18:20,356 riot_api 10 140213579929280 Making Riot API request to: https://americas.api.riotgames.com/lol/match/v5/matches/NA1_5316515456
DEBUG 2025-07-18 00:18:20,363 connectionpool 10 140213579929280 Starting new HTTPS connection (1): americas.api.riotgames.com:443
DEBUG 2025-07-18 00:18:20,733 connectionpool 10 140213579929280 https://americas.api.riotgames.com:443 "GET /lol/match/v5/matches/NA1_5316515456 HTTP/1.1" 200 None
INFO 2025-07-18 00:18:20,735 riot_api 10 140213579929280 Riot API response status: 200
INFO 2025-07-18 00:18:20,739 riot_api 10 140213579929280 Riot API response data keys: ['metadata', 'info']
INFO 2025-07-18 00:18:20,741 views 10 140213579929280 Match NA1_5316515456 has 10 participants
INFO 2025-07-18 00:18:20,752 views 10 140213579929280 Successfully created match NA1_5316515456
INFO 2025-07-18 00:18:20,755 views 10 140213579929280 Processing match 38/50: NA1_5316490663
INFO 2025-07-18 00:18:20,757 views 10 140213579929280 Fetching match details for NA1_5316490663
INFO 2025-07-18 00:18:20,759 riot_api 10 140213579929280 Making Riot API request to: https://americas.api.riotgames.com/lol/match/v5/matches/NA1_5316490663
DEBUG 2025-07-18 00:18:20,764 connectionpool 10 140213579929280 Starting new HTTPS connection (1): americas.api.riotgames.com:443
DEBUG 2025-07-18 00:18:21,086 connectionpool 10 140213579929280 https://americas.api.riotgames.com:443 "GET /lol/match/v5/matches/NA1_5316490663 HTTP/1.1" 200 None
INFO 2025-07-18 00:18:21,090 riot_api 10 140213579929280 Riot API response status: 200
INFO 2025-07-18 00:18:21,091 riot_api 10 140213579929280 Riot API response data keys: ['metadata', 'info']
INFO 2025-07-18 00:18:21,094 views 10 140213579929280 Match NA1_5316490663 has 10 participants
INFO 2025-07-18 00:18:21,104 views 10 140213579929280 Successfully created match NA1_5316490663
INFO 2025-07-18 00:18:21,104 views 10 140213579929280 Processing match 39/50: NA1_5316444023
INFO 2025-07-18 00:18:21,106 views 10 140213579929280 Fetching match details for NA1_5316444023
INFO 2025-07-18 00:18:21,106 riot_api 10 140213579929280 Making Riot API request to: https://americas.api.riotgames.com/lol/match/v5/matches/NA1_5316444023
DEBUG 2025-07-18 00:18:21,108 connectionpool 10 140213579929280 Starting new HTTPS connection (1): americas.api.riotgames.com:443
DEBUG 2025-07-18 00:18:21,401 connectionpool 10 140213579929280 https://americas.api.riotgames.com:443 "GET /lol/match/v5/matches/NA1_5316444023 HTTP/1.1" 200 None
INFO 2025-07-18 00:18:21,405 riot_api 10 140213579929280 Riot API response status: 200
INFO 2025-07-18 00:18:21,406 riot_api 10 140213579929280 Riot API response data keys: ['metadata', 'info']
INFO 2025-07-18 00:18:21,408 views 10 140213579929280 Match NA1_5316444023 has 10 participants
INFO 2025-07-18 00:18:21,412 views 10 140213579929280 Successfully created match NA1_5316444023
INFO 2025-07-18 00:18:21,413 views 10 140213579929280 Processing match 40/50: NA1_5316421120
INFO 2025-07-18 00:18:21,414 views 10 140213579929280 Fetching match details for NA1_5316421120
INFO 2025-07-18 00:18:21,415 riot_api 10 140213579929280 Making Riot API request to: https://americas.api.riotgames.com/lol/match/v5/matches/NA1_5316421120
DEBUG 2025-07-18 00:18:21,416 connectionpool 10 140213579929280 Starting new HTTPS connection (1): americas.api.riotgames.com:443
DEBUG 2025-07-18 00:18:21,726 connectionpool 10 140213579929280 https://americas.api.riotgames.com:443 "GET /lol/match/v5/matches/NA1_5316421120 HTTP/1.1" 200 None
INFO 2025-07-18 00:18:21,731 riot_api 10 140213579929280 Riot API response status: 200
INFO 2025-07-18 00:18:21,732 riot_api 10 140213579929280 Riot API response data keys: ['metadata', 'info']
INFO 2025-07-18 00:18:21,734 views 10 140213579929280 Match NA1_5316421120 has 10 participants
INFO 2025-07-18 00:18:21,739 views 10 140213579929280 Successfully created match NA1_5316421120
INFO 2025-07-18 00:18:21,740 views 10 140213579929280 Processing match 41/50: NA1_5316410988
INFO 2025-07-18 00:18:21,741 views 10 140213579929280 Fetching match details for NA1_5316410988
INFO 2025-07-18 00:18:21,741 riot_api 10 140213579929280 Making Riot API request to: https://americas.api.riotgames.com/lol/match/v5/matches/NA1_5316410988
DEBUG 2025-07-18 00:18:21,742 connectionpool 10 140213579929280 Starting new HTTPS connection (1): americas.api.riotgames.com:443
DEBUG 2025-07-18 00:18:22,101 connectionpool 10 140213579929280 https://americas.api.riotgames.com:443 "GET /lol/match/v5/matches/NA1_5316410988 HTTP/1.1" 200 None
INFO 2025-07-18 00:18:22,109 riot_api 10 140213579929280 Riot API response status: 200
INFO 2025-07-18 00:18:22,110 riot_api 10 140213579929280 Riot API response data keys: ['metadata', 'info']
INFO 2025-07-18 00:18:22,112 views 10 140213579929280 Match NA1_5316410988 has 10 participants
INFO 2025-07-18 00:18:22,117 views 10 140213579929280 Successfully created match NA1_5316410988
INFO 2025-07-18 00:18:22,117 views 10 140213579929280 Processing match 42/50: NA1_5316391379
INFO 2025-07-18 00:18:22,118 views 10 140213579929280 Fetching match details for NA1_5316391379
INFO 2025-07-18 00:18:22,119 riot_api 10 140213579929280 Making Riot API request to: https://americas.api.riotgames.com/lol/match/v5/matches/NA1_5316391379
DEBUG 2025-07-18 00:18:22,120 connectionpool 10 140213579929280 Starting new HTTPS connection (1): americas.api.riotgames.com:443
DEBUG 2025-07-18 00:18:22,376 connectionpool 10 140213579929280 https://americas.api.riotgames.com:443 "GET /lol/match/v5/matches/NA1_5316391379 HTTP/1.1" 200 None
INFO 2025-07-18 00:18:22,379 riot_api 10 140213579929280 Riot API response status: 200
INFO 2025-07-18 00:18:22,380 riot_api 10 140213579929280 Riot API response data keys: ['metadata', 'info']
INFO 2025-07-18 00:18:22,382 views 10 140213579929280 Match NA1_5316391379 has 10 participants
INFO 2025-07-18 00:18:22,388 views 10 140213579929280 Successfully created match NA1_5316391379
INFO 2025-07-18 00:18:22,388 views 10 140213579929280 Processing match 43/50: NA1_5316046017
INFO 2025-07-18 00:18:22,389 views 10 140213579929280 Fetching match details for NA1_5316046017
INFO 2025-07-18 00:18:22,392 riot_api 10 140213579929280 Making Riot API request to: https://americas.api.riotgames.com/lol/match/v5/matches/NA1_5316046017
DEBUG 2025-07-18 00:18:22,396 connectionpool 10 140213579929280 Starting new HTTPS connection (1): americas.api.riotgames.com:443
DEBUG 2025-07-18 00:18:22,658 connectionpool 10 140213579929280 https://americas.api.riotgames.com:443 "GET /lol/match/v5/matches/NA1_5316046017 HTTP/1.1" 200 None
INFO 2025-07-18 00:18:22,663 riot_api 10 140213579929280 Riot API response status: 200
INFO 2025-07-18 00:18:22,665 riot_api 10 140213579929280 Riot API response data keys: ['metadata', 'info']
INFO 2025-07-18 00:18:22,666 views 10 140213579929280 Match NA1_5316046017 has 10 participants
INFO 2025-07-18 00:18:22,673 views 10 140213579929280 Successfully created match NA1_5316046017
INFO 2025-07-18 00:18:22,673 views 10 140213579929280 Processing match 44/50: NA1_5316018183
INFO 2025-07-18 00:18:22,676 views 10 140213579929280 Fetching match details for NA1_5316018183
INFO 2025-07-18 00:18:22,676 riot_api 10 140213579929280 Making Riot API request to: https://americas.api.riotgames.com/lol/match/v5/matches/NA1_5316018183
DEBUG 2025-07-18 00:18:22,677 connectionpool 10 140213579929280 Starting new HTTPS connection (1): americas.api.riotgames.com:443
DEBUG 2025-07-18 00:18:22,988 connectionpool 10 140213579929280 https://americas.api.riotgames.com:443 "GET /lol/match/v5/matches/NA1_5316018183 HTTP/1.1" 200 None
INFO 2025-07-18 00:18:22,990 riot_api 10 140213579929280 Riot API response status: 200
INFO 2025-07-18 00:18:22,991 riot_api 10 140213579929280 Riot API response data keys: ['metadata', 'info']
INFO 2025-07-18 00:18:22,994 views 10 140213579929280 Match NA1_5316018183 has 10 participants
INFO 2025-07-18 00:18:23,005 views 10 140213579929280 Successfully created match NA1_5316018183
INFO 2025-07-18 00:18:23,005 views 10 140213579929280 Processing match 45/50: NA1_5315997271
INFO 2025-07-18 00:18:23,006 views 10 140213579929280 Fetching match details for NA1_5315997271
INFO 2025-07-18 00:18:23,007 riot_api 10 140213579929280 Making Riot API request to: https://americas.api.riotgames.com/lol/match/v5/matches/NA1_5315997271
DEBUG 2025-07-18 00:18:23,008 connectionpool 10 140213579929280 Starting new HTTPS connection (1): americas.api.riotgames.com:443
DEBUG 2025-07-18 00:18:23,349 connectionpool 10 140213579929280 https://americas.api.riotgames.com:443 "GET /lol/match/v5/matches/NA1_5315997271 HTTP/1.1" 200 None
INFO 2025-07-18 00:18:23,352 riot_api 10 140213579929280 Riot API response status: 200
INFO 2025-07-18 00:18:23,353 riot_api 10 140213579929280 Riot API response data keys: ['metadata', 'info']
INFO 2025-07-18 00:18:23,355 views 10 140213579929280 Match NA1_5315997271 has 10 participants
INFO 2025-07-18 00:18:23,365 views 10 140213579929280 Successfully created match NA1_5315997271
INFO 2025-07-18 00:18:23,366 views 10 140213579929280 Processing match 46/50: NA1_5315962404
INFO 2025-07-18 00:18:23,368 views 10 140213579929280 Fetching match details for NA1_5315962404
INFO 2025-07-18 00:18:23,368 riot_api 10 140213579929280 Making Riot API request to: https://americas.api.riotgames.com/lol/match/v5/matches/NA1_5315962404
DEBUG 2025-07-18 00:18:23,370 connectionpool 10 140213579929280 Starting new HTTPS connection (1): americas.api.riotgames.com:443
DEBUG 2025-07-18 00:18:23,836 connectionpool 10 140213579929280 https://americas.api.riotgames.com:443 "GET /lol/match/v5/matches/NA1_5315962404 HTTP/1.1" 200 None
INFO 2025-07-18 00:18:23,839 riot_api 10 140213579929280 Riot API response status: 200
INFO 2025-07-18 00:18:23,841 riot_api 10 140213579929280 Riot API response data keys: ['metadata', 'info']
INFO 2025-07-18 00:18:23,843 views 10 140213579929280 Match NA1_5315962404 has 10 participants
INFO 2025-07-18 00:18:23,848 views 10 140213579929280 Successfully created match NA1_5315962404
INFO 2025-07-18 00:18:23,849 views 10 140213579929280 Processing match 47/50: NA1_5315940059
INFO 2025-07-18 00:18:23,850 views 10 140213579929280 Fetching match details for NA1_5315940059
INFO 2025-07-18 00:18:23,851 riot_api 10 140213579929280 Making Riot API request to: https://americas.api.riotgames.com/lol/match/v5/matches/NA1_5315940059
DEBUG 2025-07-18 00:18:23,852 connectionpool 10 140213579929280 Starting new HTTPS connection (1): americas.api.riotgames.com:443
DEBUG 2025-07-18 00:18:24,221 connectionpool 10 140213579929280 https://americas.api.riotgames.com:443 "GET /lol/match/v5/matches/NA1_5315940059 HTTP/1.1" 200 None
INFO 2025-07-18 00:18:24,275 riot_api 10 140213579929280 Riot API response status: 200
INFO 2025-07-18 00:18:24,276 riot_api 10 140213579929280 Riot API response data keys: ['metadata', 'info']
INFO 2025-07-18 00:18:24,278 views 10 140213579929280 Match NA1_5315940059 has 10 participants
INFO 2025-07-18 00:18:24,283 views 10 140213579929280 Successfully created match NA1_5315940059
INFO 2025-07-18 00:18:24,283 views 10 140213579929280 Processing match 48/50: NA1_5315923076
INFO 2025-07-18 00:18:24,284 views 10 140213579929280 Fetching match details for NA1_5315923076
INFO 2025-07-18 00:18:24,285 riot_api 10 140213579929280 Making Riot API request to: https://americas.api.riotgames.com/lol/match/v5/matches/NA1_5315923076
DEBUG 2025-07-18 00:18:24,286 connectionpool 10 140213579929280 Starting new HTTPS connection (1): americas.api.riotgames.com:443
DEBUG 2025-07-18 00:18:24,627 connectionpool 10 140213579929280 https://americas.api.riotgames.com:443 "GET /lol/match/v5/matches/NA1_5315923076 HTTP/1.1" 200 None
INFO 2025-07-18 00:18:24,630 riot_api 10 140213579929280 Riot API response status: 200
INFO 2025-07-18 00:18:24,634 riot_api 10 140213579929280 Riot API response data keys: ['metadata', 'info']
INFO 2025-07-18 00:18:24,636 views 10 140213579929280 Match NA1_5315923076 has 10 participants
INFO 2025-07-18 00:18:24,641 views 10 140213579929280 Successfully created match NA1_5315923076
INFO 2025-07-18 00:18:24,641 views 10 140213579929280 Processing match 49/50: NA1_5315883599
INFO 2025-07-18 00:18:24,642 views 10 140213579929280 Fetching match details for NA1_5315883599
INFO 2025-07-18 00:18:24,642 riot_api 10 140213579929280 Making Riot API request to: https://americas.api.riotgames.com/lol/match/v5/matches/NA1_5315883599
DEBUG 2025-07-18 00:18:24,643 connectionpool 10 140213579929280 Starting new HTTPS connection (1): americas.api.riotgames.com:443
DEBUG 2025-07-18 00:18:24,918 connectionpool 10 140213579929280 https://americas.api.riotgames.com:443 "GET /lol/match/v5/matches/NA1_5315883599 HTTP/1.1" 200 None
INFO 2025-07-18 00:18:24,984 riot_api 10 140213579929280 Riot API response status: 200
INFO 2025-07-18 00:18:24,985 riot_api 10 140213579929280 Riot API response data keys: ['metadata', 'info']
INFO 2025-07-18 00:18:24,986 views 10 140213579929280 Match NA1_5315883599 has 10 participants
INFO 2025-07-18 00:18:24,992 views 10 140213579929280 Successfully created match NA1_5315883599
INFO 2025-07-18 00:18:24,992 views 10 140213579929280 Processing match 50/50: NA1_5315849442
INFO 2025-07-18 00:18:24,993 views 10 140213579929280 Fetching match details for NA1_5315849442
INFO 2025-07-18 00:18:24,993 riot_api 10 140213579929280 Making Riot API request to: https://americas.api.riotgames.com/lol/match/v5/matches/NA1_5315849442
DEBUG 2025-07-18 00:18:24,994 connectionpool 10 140213579929280 Starting new HTTPS connection (1): americas.api.riotgames.com:443
DEBUG 2025-07-18 00:18:25,338 connectionpool 10 140213579929280 https://americas.api.riotgames.com:443 "GET /lol/match/v5/matches/NA1_5315849442 HTTP/1.1" 200 None
INFO 2025-07-18 00:18:25,343 riot_api 10 140213579929280 Riot API response status: 200
INFO 2025-07-18 00:18:25,344 riot_api 10 140213579929280 Riot API response data keys: ['metadata', 'info']
INFO 2025-07-18 00:18:25,346 views 10 140213579929280 Match NA1_5315849442 has 10 participants
INFO 2025-07-18 00:18:25,351 views 10 140213579929280 Successfully created match NA1_5315849442
INFO 2025-07-18 00:18:25,360 views 10 140213579929280 Successfully processed 46 new matches
INFO 2025-07-18 00:18:25,363 basehttp 10 140213579929280 "POST /api/friends/add-by-riot-id/ HTTP/1.1" 201 330
INFO 2025-07-18 00:18:51,497 views 10 140213579929280 Adding friend: UrMomsBFF#9301 in region na1 with 50 matches
INFO 2025-07-18 00:18:51,498 views 10 140213579929280 Fetching summoner data for UrMomsBFF#9301
INFO 2025-07-18 00:18:51,498 riot_api 10 140213579929280 Making Riot API request to: https://americas.api.riotgames.com/riot/account/v1/accounts/by-riot-id/UrMomsBFF/9301
DEBUG 2025-07-18 00:18:51,500 connectionpool 10 140213579929280 Starting new HTTPS connection (1): americas.api.riotgames.com:443
DEBUG 2025-07-18 00:18:51,695 connectionpool 10 140213579929280 https://americas.api.riotgames.com:443 "GET /riot/account/v1/accounts/by-riot-id/UrMomsBFF/9301 HTTP/1.1" 200 None
INFO 2025-07-18 00:18:51,696 riot_api 10 140213579929280 Riot API response status: 200
INFO 2025-07-18 00:18:51,698 riot_api 10 140213579929280 Riot API response data keys: ['puuid', 'gameName', 'tagLine']
INFO 2025-07-18 00:18:51,700 views 10 140213579929280 Summoner data received: {'puuid': 'iWVkEkkQrpi9BCjChza9sKb3evxFM-WtsyvbOOjhihWc03vE1CPCOjdKw4qp-66GmZ9tfWMzKxZEtg', 'gameName': 'UrMomsBFF', 'tagLine': '9301'}
INFO 2025-07-18 00:18:51,705 views 10 140213579929280 Friend created: UrMomsBFF#9301
INFO 2025-07-18 00:18:51,706 views 10 140213579929280 Fetching 50 match IDs for PUUID: iWVkEkkQrpi9BCjChza9sKb3evxFM-WtsyvbOOjhihWc03vE1CPCOjdKw4qp-66GmZ9tfWMzKxZEtg
INFO 2025-07-18 00:18:51,707 riot_api 10 140213579929280 Making Riot API request to: https://americas.api.riotgames.com/lol/match/v5/matches/by-puuid/iWVkEkkQrpi9BCjChza9sKb3evxFM-WtsyvbOOjhihWc03vE1CPCOjdKw4qp-66GmZ9tfWMzKxZEtg/ids
INFO 2025-07-18 00:18:51,708 riot_api 10 140213579929280 Request parameters: {'count': 50}
DEBUG 2025-07-18 00:18:51,710 connectionpool 10 140213579929280 Starting new HTTPS connection (1): americas.api.riotgames.com:443
DEBUG 2025-07-18 00:18:51,987 connectionpool 10 140213579929280 https://americas.api.riotgames.com:443 "GET /lol/match/v5/matches/by-puuid/iWVkEkkQrpi9BCjChza9sKb3evxFM-WtsyvbOOjhihWc03vE1CPCOjdKw4qp-66GmZ9tfWMzKxZEtg/ids?count=50 HTTP/1.1" 200 None
INFO 2025-07-18 00:18:51,992 riot_api 10 140213579929280 Riot API response status: 200
INFO 2025-07-18 00:18:51,993 riot_api 10 140213579929280 Riot API response data keys: Not a dict
INFO 2025-07-18 00:18:51,996 riot_api 10 140213579929280 Match IDs response type: <class 'list'>, content: ['NA1_5326927497', 'NA1_5326908007', 'NA1_5326892981', 'NA1_5326828102', 'NA1_5326743984', 'NA1_5326238113', 'NA1_5326206868', 'NA1_5325603157', 'NA1_5325574870', 'NA1_5325555346', 'NA1_5325044546', 'NA1_5325032806', 'NA1_5324997371', 'NA1_5324951719', 'NA1_5324920581', 'NA1_5324422411', 'NA1_5324407812', 'NA1_5324356610', 'NA1_5323515402', 'NA1_5323135640', 'NA1_5323100655', 'NA1_5323070831', 'NA1_5323038764', 'NA1_5322074016', 'NA1_5322017262', 'NA1_5321981014', 'NA1_5321974851', 'NA1_5321429502', 'NA1_5321404284', 'NA1_5321373625', 'NA1_5321346030', 'NA1_5321326685', 'NA1_5321298021', 'NA1_5321284881', 'NA1_5320802066', 'NA1_5320772460', 'NA1_5320661442', 'NA1_5320628890', 'NA1_5320605804', 'NA1_5320585805', 'NA1_5320567931', 'NA1_5320546446', 'NA1_5320528629', 'NA1_5320507390', 'NA1_5320345919', 'NA1_5320321117', 'NA1_5320307212', 'NA1_5320120664', 'NA1_5320104173', 'NA1_5318728166']
INFO 2025-07-18 00:18:51,998 views 10 140213579929280 Found 50 match IDs
INFO 2025-07-18 00:18:52,026 views 10 140213579929280 Processing match 1/50: NA1_5326927497
INFO 2025-07-18 00:18:52,030 views 10 140213579929280 Match NA1_5326927497 already exists, skipping
INFO 2025-07-18 00:18:52,034 views 10 140213579929280 Processing match 2/50: NA1_5326908007
INFO 2025-07-18 00:18:52,036 views 10 140213579929280 Match NA1_5326908007 already exists, skipping
INFO 2025-07-18 00:18:52,042 views 10 140213579929280 Processing match 3/50: NA1_5326892981
INFO 2025-07-18 00:18:52,049 views 10 140213579929280 Match NA1_5326892981 already exists, skipping
INFO 2025-07-18 00:18:52,056 views 10 140213579929280 Processing match 4/50: NA1_5326828102
INFO 2025-07-18 00:18:52,066 views 10 140213579929280 Fetching match details for NA1_5326828102
INFO 2025-07-18 00:18:52,067 riot_api 10 140213579929280 Making Riot API request to: https://americas.api.riotgames.com/lol/match/v5/matches/NA1_5326828102
DEBUG 2025-07-18 00:18:52,070 connectionpool 10 140213579929280 Starting new HTTPS connection (1): americas.api.riotgames.com:443
DEBUG 2025-07-18 00:18:52,371 connectionpool 10 140213579929280 https://americas.api.riotgames.com:443 "GET /lol/match/v5/matches/NA1_5326828102 HTTP/1.1" 200 None
INFO 2025-07-18 00:18:52,430 riot_api 10 140213579929280 Riot API response status: 200
INFO 2025-07-18 00:18:52,432 riot_api 10 140213579929280 Riot API response data keys: ['metadata', 'info']
INFO 2025-07-18 00:18:52,433 views 10 140213579929280 Match NA1_5326828102 has 16 participants
INFO 2025-07-18 00:18:52,441 views 10 140213579929280 Successfully created match NA1_5326828102
INFO 2025-07-18 00:18:52,441 views 10 140213579929280 Processing match 5/50: NA1_5326743984
INFO 2025-07-18 00:18:52,442 views 10 140213579929280 Match NA1_5326743984 already exists, skipping
INFO 2025-07-18 00:18:52,442 views 10 140213579929280 Processing match 6/50: NA1_5326238113
INFO 2025-07-18 00:18:52,445 views 10 140213579929280 Match NA1_5326238113 already exists, skipping
INFO 2025-07-18 00:18:52,446 views 10 140213579929280 Processing match 7/50: NA1_5326206868
INFO 2025-07-18 00:18:52,447 views 10 140213579929280 Match NA1_5326206868 already exists, skipping
INFO 2025-07-18 00:18:52,447 views 10 140213579929280 Processing match 8/50: NA1_5325603157
INFO 2025-07-18 00:18:52,449 views 10 140213579929280 Match NA1_5325603157 already exists, skipping
INFO 2025-07-18 00:18:52,450 views 10 140213579929280 Processing match 9/50: NA1_5325574870
INFO 2025-07-18 00:18:52,452 views 10 140213579929280 Match NA1_5325574870 already exists, skipping
INFO 2025-07-18 00:18:52,454 views 10 140213579929280 Processing match 10/50: NA1_5325555346
INFO 2025-07-18 00:18:52,457 views 10 140213579929280 Fetching match details for NA1_5325555346
INFO 2025-07-18 00:18:52,458 riot_api 10 140213579929280 Making Riot API request to: https://americas.api.riotgames.com/lol/match/v5/matches/NA1_5325555346
DEBUG 2025-07-18 00:18:52,459 connectionpool 10 140213579929280 Starting new HTTPS connection (1): americas.api.riotgames.com:443
DEBUG 2025-07-18 00:18:52,996 connectionpool 10 140213579929280 https://americas.api.riotgames.com:443 "GET /lol/match/v5/matches/NA1_5325555346 HTTP/1.1" 200 None
INFO 2025-07-18 00:18:53,058 riot_api 10 140213579929280 Riot API response status: 200
INFO 2025-07-18 00:18:53,061 riot_api 10 140213579929280 Riot API response data keys: ['metadata', 'info']
INFO 2025-07-18 00:18:53,063 views 10 140213579929280 Match NA1_5325555346 has 16 participants
INFO 2025-07-18 00:18:53,078 views 10 140213579929280 Successfully created match NA1_5325555346
INFO 2025-07-18 00:18:53,079 views 10 140213579929280 Processing match 11/50: NA1_5325044546
INFO 2025-07-18 00:18:53,080 views 10 140213579929280 Match NA1_5325044546 already exists, skipping
INFO 2025-07-18 00:18:53,082 views 10 140213579929280 Processing match 12/50: NA1_5325032806
INFO 2025-07-18 00:18:53,084 views 10 140213579929280 Match NA1_5325032806 already exists, skipping
INFO 2025-07-18 00:18:53,085 views 10 140213579929280 Processing match 13/50: NA1_5324997371
INFO 2025-07-18 00:18:53,087 views 10 140213579929280 Match NA1_5324997371 already exists, skipping
INFO 2025-07-18 00:18:53,088 views 10 140213579929280 Processing match 14/50: NA1_5324951719
INFO 2025-07-18 00:18:53,090 views 10 140213579929280 Match NA1_5324951719 already exists, skipping
INFO 2025-07-18 00:18:53,093 views 10 140213579929280 Processing match 15/50: NA1_5324920581
INFO 2025-07-18 00:18:53,101 views 10 140213579929280 Match NA1_5324920581 already exists, skipping
INFO 2025-07-18 00:18:53,104 views 10 140213579929280 Processing match 16/50: NA1_5324422411
INFO 2025-07-18 00:18:53,106 views 10 140213579929280 Match NA1_5324422411 already exists, skipping
INFO 2025-07-18 00:18:53,107 views 10 140213579929280 Processing match 17/50: NA1_5324407812
INFO 2025-07-18 00:18:53,109 views 10 140213579929280 Match NA1_5324407812 already exists, skipping
INFO 2025-07-18 00:18:53,110 views 10 140213579929280 Processing match 18/50: NA1_5324356610
INFO 2025-07-18 00:18:53,111 views 10 140213579929280 Match NA1_5324356610 already exists, skipping
INFO 2025-07-18 00:18:53,112 views 10 140213579929280 Processing match 19/50: NA1_5323515402
INFO 2025-07-18 00:18:53,113 views 10 140213579929280 Fetching match details for NA1_5323515402
INFO 2025-07-18 00:18:53,114 riot_api 10 140213579929280 Making Riot API request to: https://americas.api.riotgames.com/lol/match/v5/matches/NA1_5323515402
DEBUG 2025-07-18 00:18:53,116 connectionpool 10 140213579929280 Starting new HTTPS connection (1): americas.api.riotgames.com:443
DEBUG 2025-07-18 00:18:53,454 connectionpool 10 140213579929280 https://americas.api.riotgames.com:443 "GET /lol/match/v5/matches/NA1_5323515402 HTTP/1.1" 200 None
INFO 2025-07-18 00:18:53,501 riot_api 10 140213579929280 Riot API response status: 200
INFO 2025-07-18 00:18:53,503 riot_api 10 140213579929280 Riot API response data keys: ['metadata', 'info']
INFO 2025-07-18 00:18:53,504 views 10 140213579929280 Match NA1_5323515402 has 16 participants
INFO 2025-07-18 00:18:53,522 views 10 140213579929280 Successfully created match NA1_5323515402
INFO 2025-07-18 00:18:53,524 views 10 140213579929280 Processing match 20/50: NA1_5323135640
INFO 2025-07-18 00:18:53,531 views 10 140213579929280 Match NA1_5323135640 already exists, skipping
INFO 2025-07-18 00:18:53,534 views 10 140213579929280 Processing match 21/50: NA1_5323100655
INFO 2025-07-18 00:18:53,538 views 10 140213579929280 Match NA1_5323100655 already exists, skipping
INFO 2025-07-18 00:18:53,542 views 10 140213579929280 Processing match 22/50: NA1_5323070831
INFO 2025-07-18 00:18:53,547 views 10 140213579929280 Match NA1_5323070831 already exists, skipping
INFO 2025-07-18 00:18:53,549 views 10 140213579929280 Processing match 23/50: NA1_5323038764
INFO 2025-07-18 00:18:53,550 views 10 140213579929280 Match NA1_5323038764 already exists, skipping
INFO 2025-07-18 00:18:53,551 views 10 140213579929280 Processing match 24/50: NA1_5322074016
INFO 2025-07-18 00:18:53,555 views 10 140213579929280 Match NA1_5322074016 already exists, skipping
INFO 2025-07-18 00:18:53,559 views 10 140213579929280 Processing match 25/50: NA1_5322017262
INFO 2025-07-18 00:18:53,565 views 10 140213579929280 Fetching match details for NA1_5322017262
INFO 2025-07-18 00:18:53,567 riot_api 10 140213579929280 Making Riot API request to: https://americas.api.riotgames.com/lol/match/v5/matches/NA1_5322017262
DEBUG 2025-07-18 00:18:53,570 connectionpool 10 140213579929280 Starting new HTTPS connection (1): americas.api.riotgames.com:443
DEBUG 2025-07-18 00:18:53,932 connectionpool 10 140213579929280 https://americas.api.riotgames.com:443 "GET /lol/match/v5/matches/NA1_5322017262 HTTP/1.1" 200 None
INFO 2025-07-18 00:18:53,935 riot_api 10 140213579929280 Riot API response status: 200
INFO 2025-07-18 00:18:53,937 riot_api 10 140213579929280 Riot API response data keys: ['metadata', 'info']
INFO 2025-07-18 00:18:53,938 views 10 140213579929280 Match NA1_5322017262 has 10 participants
INFO 2025-07-18 00:18:53,945 views 10 140213579929280 Successfully created match NA1_5322017262
INFO 2025-07-18 00:18:53,946 views 10 140213579929280 Processing match 26/50: NA1_5321981014
INFO 2025-07-18 00:18:53,947 views 10 140213579929280 Fetching match details for NA1_5321981014
INFO 2025-07-18 00:18:53,949 riot_api 10 140213579929280 Making Riot API request to: https://americas.api.riotgames.com/lol/match/v5/matches/NA1_5321981014
DEBUG 2025-07-18 00:18:53,951 connectionpool 10 140213579929280 Starting new HTTPS connection (1): americas.api.riotgames.com:443
DEBUG 2025-07-18 00:18:54,290 connectionpool 10 140213579929280 https://americas.api.riotgames.com:443 "GET /lol/match/v5/matches/NA1_5321981014 HTTP/1.1" 200 None
INFO 2025-07-18 00:18:54,354 riot_api 10 140213579929280 Riot API response status: 200
INFO 2025-07-18 00:18:54,355 riot_api 10 140213579929280 Riot API response data keys: ['metadata', 'info']
INFO 2025-07-18 00:18:54,357 views 10 140213579929280 Match NA1_5321981014 has 10 participants
INFO 2025-07-18 00:18:54,370 views 10 140213579929280 Successfully created match NA1_5321981014
INFO 2025-07-18 00:18:54,370 views 10 140213579929280 Processing match 27/50: NA1_5321974851
INFO 2025-07-18 00:18:54,371 views 10 140213579929280 Fetching match details for NA1_5321974851
INFO 2025-07-18 00:18:54,371 riot_api 10 140213579929280 Making Riot API request to: https://americas.api.riotgames.com/lol/match/v5/matches/NA1_5321974851
DEBUG 2025-07-18 00:18:54,373 connectionpool 10 140213579929280 Starting new HTTPS connection (1): americas.api.riotgames.com:443
DEBUG 2025-07-18 00:18:54,635 connectionpool 10 140213579929280 https://americas.api.riotgames.com:443 "GET /lol/match/v5/matches/NA1_5321974851 HTTP/1.1" 200 None
INFO 2025-07-18 00:18:54,638 riot_api 10 140213579929280 Riot API response status: 200
INFO 2025-07-18 00:18:54,639 riot_api 10 140213579929280 Riot API response data keys: ['metadata', 'info']
INFO 2025-07-18 00:18:54,641 views 10 140213579929280 Match NA1_5321974851 has 10 participants
INFO 2025-07-18 00:18:54,647 views 10 140213579929280 Successfully created match NA1_5321974851
INFO 2025-07-18 00:18:54,647 views 10 140213579929280 Processing match 28/50: NA1_5321429502
INFO 2025-07-18 00:18:54,648 views 10 140213579929280 Match NA1_5321429502 already exists, skipping
INFO 2025-07-18 00:18:54,650 views 10 140213579929280 Processing match 29/50: NA1_5321404284
INFO 2025-07-18 00:18:54,652 views 10 140213579929280 Match NA1_5321404284 already exists, skipping
INFO 2025-07-18 00:18:54,653 views 10 140213579929280 Processing match 30/50: NA1_5321373625
INFO 2025-07-18 00:18:54,654 views 10 140213579929280 Match NA1_5321373625 already exists, skipping
INFO 2025-07-18 00:18:54,655 views 10 140213579929280 Processing match 31/50: NA1_5321346030
INFO 2025-07-18 00:18:54,660 views 10 140213579929280 Fetching match details for NA1_5321346030
INFO 2025-07-18 00:18:54,663 riot_api 10 140213579929280 Making Riot API request to: https://americas.api.riotgames.com/lol/match/v5/matches/NA1_5321346030
DEBUG 2025-07-18 00:18:54,671 connectionpool 10 140213579929280 Starting new HTTPS connection (1): americas.api.riotgames.com:443
DEBUG 2025-07-18 00:18:55,024 connectionpool 10 140213579929280 https://americas.api.riotgames.com:443 "GET /lol/match/v5/matches/NA1_5321346030 HTTP/1.1" 200 None
INFO 2025-07-18 00:18:55,032 riot_api 10 140213579929280 Riot API response status: 200
INFO 2025-07-18 00:18:55,034 riot_api 10 140213579929280 Riot API response data keys: ['metadata', 'info']
INFO 2025-07-18 00:18:55,036 views 10 140213579929280 Match NA1_5321346030 has 10 participants
INFO 2025-07-18 00:18:55,046 views 10 140213579929280 Successfully created match NA1_5321346030
INFO 2025-07-18 00:18:55,046 views 10 140213579929280 Processing match 32/50: NA1_5321326685
INFO 2025-07-18 00:18:55,049 views 10 140213579929280 Fetching match details for NA1_5321326685
INFO 2025-07-18 00:18:55,050 riot_api 10 140213579929280 Making Riot API request to: https://americas.api.riotgames.com/lol/match/v5/matches/NA1_5321326685
DEBUG 2025-07-18 00:18:55,051 connectionpool 10 140213579929280 Starting new HTTPS connection (1): americas.api.riotgames.com:443
DEBUG 2025-07-18 00:18:55,369 connectionpool 10 140213579929280 https://americas.api.riotgames.com:443 "GET /lol/match/v5/matches/NA1_5321326685 HTTP/1.1" 200 None
INFO 2025-07-18 00:18:55,375 riot_api 10 140213579929280 Riot API response status: 200
INFO 2025-07-18 00:18:55,376 riot_api 10 140213579929280 Riot API response data keys: ['metadata', 'info']
INFO 2025-07-18 00:18:55,378 views 10 140213579929280 Match NA1_5321326685 has 10 participants
INFO 2025-07-18 00:18:55,387 views 10 140213579929280 Successfully created match NA1_5321326685
INFO 2025-07-18 00:18:55,389 views 10 140213579929280 Processing match 33/50: NA1_5321298021
INFO 2025-07-18 00:18:55,394 views 10 140213579929280 Fetching match details for NA1_5321298021
INFO 2025-07-18 00:18:55,396 riot_api 10 140213579929280 Making Riot API request to: https://americas.api.riotgames.com/lol/match/v5/matches/NA1_5321298021
DEBUG 2025-07-18 00:18:55,398 connectionpool 10 140213579929280 Starting new HTTPS connection (1): americas.api.riotgames.com:443
DEBUG 2025-07-18 00:18:55,758 connectionpool 10 140213579929280 https://americas.api.riotgames.com:443 "GET /lol/match/v5/matches/NA1_5321298021 HTTP/1.1" 200 None
INFO 2025-07-18 00:18:55,769 riot_api 10 140213579929280 Riot API response status: 200
INFO 2025-07-18 00:18:55,771 riot_api 10 140213579929280 Riot API response data keys: ['metadata', 'info']
INFO 2025-07-18 00:18:55,773 views 10 140213579929280 Match NA1_5321298021 has 10 participants
INFO 2025-07-18 00:18:55,781 views 10 140213579929280 Successfully created match NA1_5321298021
INFO 2025-07-18 00:18:55,782 views 10 140213579929280 Processing match 34/50: NA1_5321284881
INFO 2025-07-18 00:18:55,785 views 10 140213579929280 Fetching match details for NA1_5321284881
INFO 2025-07-18 00:18:55,785 riot_api 10 140213579929280 Making Riot API request to: https://americas.api.riotgames.com/lol/match/v5/matches/NA1_5321284881
DEBUG 2025-07-18 00:18:55,788 connectionpool 10 140213579929280 Starting new HTTPS connection (1): americas.api.riotgames.com:443
DEBUG 2025-07-18 00:18:56,115 connectionpool 10 140213579929280 https://americas.api.riotgames.com:443 "GET /lol/match/v5/matches/NA1_5321284881 HTTP/1.1" 200 None
INFO 2025-07-18 00:18:56,120 riot_api 10 140213579929280 Riot API response status: 200
INFO 2025-07-18 00:18:56,122 riot_api 10 140213579929280 Riot API response data keys: ['metadata', 'info']
INFO 2025-07-18 00:18:56,123 views 10 140213579929280 Match NA1_5321284881 has 10 participants
INFO 2025-07-18 00:18:56,129 views 10 140213579929280 Successfully created match NA1_5321284881
INFO 2025-07-18 00:18:56,129 views 10 140213579929280 Processing match 35/50: NA1_5320802066
INFO 2025-07-18 00:18:56,130 views 10 140213579929280 Fetching match details for NA1_5320802066
INFO 2025-07-18 00:18:56,132 riot_api 10 140213579929280 Making Riot API request to: https://americas.api.riotgames.com/lol/match/v5/matches/NA1_5320802066
DEBUG 2025-07-18 00:18:56,134 connectionpool 10 140213579929280 Starting new HTTPS connection (1): americas.api.riotgames.com:443
DEBUG 2025-07-18 00:18:56,446 connectionpool 10 140213579929280 https://americas.api.riotgames.com:443 "GET /lol/match/v5/matches/NA1_5320802066 HTTP/1.1" 200 None
INFO 2025-07-18 00:18:56,453 riot_api 10 140213579929280 Riot API response status: 200
INFO 2025-07-18 00:18:56,455 riot_api 10 140213579929280 Riot API response data keys: ['metadata', 'info']
INFO 2025-07-18 00:18:56,456 views 10 140213579929280 Match NA1_5320802066 has 10 participants
INFO 2025-07-18 00:18:56,463 views 10 140213579929280 Successfully created match NA1_5320802066
INFO 2025-07-18 00:18:56,464 views 10 140213579929280 Processing match 36/50: NA1_5320772460
INFO 2025-07-18 00:18:56,465 views 10 140213579929280 Fetching match details for NA1_5320772460
INFO 2025-07-18 00:18:56,466 riot_api 10 140213579929280 Making Riot API request to: https://americas.api.riotgames.com/lol/match/v5/matches/NA1_5320772460
DEBUG 2025-07-18 00:18:56,468 connectionpool 10 140213579929280 Starting new HTTPS connection (1): americas.api.riotgames.com:443
DEBUG 2025-07-18 00:18:56,677 connectionpool 10 140213579929280 https://americas.api.riotgames.com:443 "GET /lol/match/v5/matches/NA1_5320772460 HTTP/1.1" 429 None
INFO 2025-07-18 00:18:56,681 riot_api 10 140213579929280 Riot API response status: 429
ERROR 2025-07-18 00:18:56,681 riot_api 10 140213579929280 Riot API error response: 429 - {"status":{"message":"rate limit exceeded","status_code":429}}
ERROR 2025-07-18 00:18:56,681 riot_api 10 140213579929280 Riot API rate limit exceeded
ERROR 2025-07-18 00:18:56,682 views 10 140213579929280 Error fetching matches: Rate limit exceeded. Please try again later.
INFO 2025-07-18 00:18:56,684 basehttp 10 140213579929280 "POST /api/friends/add-by-riot-id/ HTTP/1.1" 201 388
INFO 2025-07-18 00:19:38,924 views 10 140213579929280 Adding friend: bearbrunk53#NA1 in region na1 with 50 matches
INFO 2025-07-18 00:19:38,925 views 10 140213579929280 Fetching summoner data for bearbrunk53#NA1
INFO 2025-07-18 00:19:38,925 riot_api 10 140213579929280 Making Riot API request to: https://americas.api.riotgames.com/riot/account/v1/accounts/by-riot-id/bearbrunk53/NA1
DEBUG 2025-07-18 00:19:38,927 connectionpool 10 140213579929280 Starting new HTTPS connection (1): americas.api.riotgames.com:443
DEBUG 2025-07-18 00:19:39,411 connectionpool 10 140213579929280 https://americas.api.riotgames.com:443 "GET /riot/account/v1/accounts/by-riot-id/bearbrunk53/NA1 HTTP/1.1" 200 None
INFO 2025-07-18 00:19:39,412 riot_api 10 140213579929280 Riot API response status: 200
INFO 2025-07-18 00:19:39,412 riot_api 10 140213579929280 Riot API response data keys: ['puuid', 'gameName', 'tagLine']
INFO 2025-07-18 00:19:39,414 views 10 140213579929280 Summoner data received: {'puuid': 'nRo5dpD6DWkIncz328FKKdC1cGFlakiRQ5_c_Bs1JQgJsvNGXIzlbwlTpdmALKtZ6qPTgatubhwBxQ', 'gameName': 'bearbrunk53', 'tagLine': 'NA1'}
INFO 2025-07-18 00:19:39,501 views 10 140213579929280 Friend created: bearbrunk53#NA1
INFO 2025-07-18 00:19:39,501 views 10 140213579929280 Fetching 50 match IDs for PUUID: nRo5dpD6DWkIncz328FKKdC1cGFlakiRQ5_c_Bs1JQgJsvNGXIzlbwlTpdmALKtZ6qPTgatubhwBxQ
INFO 2025-07-18 00:19:39,502 riot_api 10 140213579929280 Making Riot API request to: https://americas.api.riotgames.com/lol/match/v5/matches/by-puuid/nRo5dpD6DWkIncz328FKKdC1cGFlakiRQ5_c_Bs1JQgJsvNGXIzlbwlTpdmALKtZ6qPTgatubhwBxQ/ids
INFO 2025-07-18 00:19:39,502 riot_api 10 140213579929280 Request parameters: {'count': 50}
DEBUG 2025-07-18 00:19:39,503 connectionpool 10 140213579929280 Starting new HTTPS connection (1): americas.api.riotgames.com:443
DEBUG 2025-07-18 00:19:39,694 connectionpool 10 140213579929280 https://americas.api.riotgames.com:443 "GET /lol/match/v5/matches/by-puuid/nRo5dpD6DWkIncz328FKKdC1cGFlakiRQ5_c_Bs1JQgJsvNGXIzlbwlTpdmALKtZ6qPTgatubhwBxQ/ids?count=50 HTTP/1.1" 200 None
INFO 2025-07-18 00:19:39,694 riot_api 10 140213579929280 Riot API response status: 200
INFO 2025-07-18 00:19:39,695 riot_api 10 140213579929280 Riot API response data keys: Not a dict
INFO 2025-07-18 00:19:39,696 riot_api 10 140213579929280 Match IDs response type: <class 'list'>, content: ['NA1_4891317243', 'NA1_4890717038', 'NA1_4855125655', 'NA1_4855099977', 'NA1_4855063391', 'NA1_4835149722', 'NA1_4835117188', 'NA1_4833028759', 'NA1_4832981390', 'NA1_4832953546', 'NA1_4816248981', 'NA1_4816209549', 'NA1_4807481993', 'NA1_4807447522', 'NA1_4807424670', 'NA1_4804442787', 'NA1_4804406206', 'NA1_4804390828', 'NA1_4800729034', 'NA1_4787959127', 'NA1_4787938048', 'NA1_4787908314', 'NA1_4787883174', 'NA1_4787843160', 'NA1_4787825844', 'NA1_4786939040', 'NA1_4786920330', 'NA1_4786883663', 'NA1_4786861288', 'NA1_4786821189', 'NA1_4786789615', 'NA1_4772292288', 'NA1_4772241478', 'NA1_4768912146', 'NA1_4768807707', 'NA1_4768772590', 'NA1_4768708706', 'NA1_4767970015', 'NA1_4767946877', 'NA1_4751092848', 'NA1_4751039106', 'NA1_4751031992', 'NA1_4750931222', 'NA1_4750901716', 'NA1_4750879525', 'NA1_4750837020', 'NA1_4737865763', 'NA1_4737839431', 'NA1_4737816585', 'NA1_4737802413']
INFO 2025-07-18 00:19:39,696 views 10 140213579929280 Found 50 match IDs
INFO 2025-07-18 00:19:39,697 views 10 140213579929280 Processing match 1/50: NA1_4891317243
INFO 2025-07-18 00:19:39,698 views 10 140213579929280 Fetching match details for NA1_4891317243
INFO 2025-07-18 00:19:39,699 riot_api 10 140213579929280 Making Riot API request to: https://americas.api.riotgames.com/lol/match/v5/matches/NA1_4891317243
DEBUG 2025-07-18 00:19:39,701 connectionpool 10 140213579929280 Starting new HTTPS connection (1): americas.api.riotgames.com:443
DEBUG 2025-07-18 00:19:39,968 connectionpool 10 140213579929280 https://americas.api.riotgames.com:443 "GET /lol/match/v5/matches/NA1_4891317243 HTTP/1.1" 200 None
INFO 2025-07-18 00:19:39,972 riot_api 10 140213579929280 Riot API response status: 200
INFO 2025-07-18 00:19:39,973 riot_api 10 140213579929280 Riot API response data keys: ['metadata', 'info']
INFO 2025-07-18 00:19:39,974 views 10 140213579929280 Match NA1_4891317243 has 10 participants
INFO 2025-07-18 00:19:39,981 views 10 140213579929280 Successfully created match NA1_4891317243
INFO 2025-07-18 00:19:39,982 views 10 140213579929280 Processing match 2/50: NA1_4890717038
INFO 2025-07-18 00:19:39,983 views 10 140213579929280 Fetching match details for NA1_4890717038
INFO 2025-07-18 00:19:39,988 riot_api 10 140213579929280 Making Riot API request to: https://americas.api.riotgames.com/lol/match/v5/matches/NA1_4890717038
DEBUG 2025-07-18 00:19:39,991 connectionpool 10 140213579929280 Starting new HTTPS connection (1): americas.api.riotgames.com:443
DEBUG 2025-07-18 00:19:40,325 connectionpool 10 140213579929280 https://americas.api.riotgames.com:443 "GET /lol/match/v5/matches/NA1_4890717038 HTTP/1.1" 200 None
INFO 2025-07-18 00:19:40,336 riot_api 10 140213579929280 Riot API response status: 200
INFO 2025-07-18 00:19:40,337 riot_api 10 140213579929280 Riot API response data keys: ['metadata', 'info']
INFO 2025-07-18 00:19:40,339 views 10 140213579929280 Match NA1_4890717038 has 10 participants
INFO 2025-07-18 00:19:40,344 views 10 140213579929280 Successfully created match NA1_4890717038
INFO 2025-07-18 00:19:40,344 views 10 140213579929280 Processing match 3/50: NA1_4855125655
INFO 2025-07-18 00:19:40,346 views 10 140213579929280 Fetching match details for NA1_4855125655
INFO 2025-07-18 00:19:40,346 riot_api 10 140213579929280 Making Riot API request to: https://americas.api.riotgames.com/lol/match/v5/matches/NA1_4855125655
DEBUG 2025-07-18 00:19:40,348 connectionpool 10 140213579929280 Starting new HTTPS connection (1): americas.api.riotgames.com:443
DEBUG 2025-07-18 00:19:40,649 connectionpool 10 140213579929280 https://americas.api.riotgames.com:443 "GET /lol/match/v5/matches/NA1_4855125655 HTTP/1.1" 200 None
INFO 2025-07-18 00:19:40,654 riot_api 10 140213579929280 Riot API response status: 200
INFO 2025-07-18 00:19:40,655 riot_api 10 140213579929280 Riot API response data keys: ['metadata', 'info']
INFO 2025-07-18 00:19:40,657 views 10 140213579929280 Match NA1_4855125655 has 10 participants
INFO 2025-07-18 00:19:40,663 views 10 140213579929280 Successfully created match NA1_4855125655
INFO 2025-07-18 00:19:40,664 views 10 140213579929280 Processing match 4/50: NA1_4855099977
INFO 2025-07-18 00:19:40,665 views 10 140213579929280 Fetching match details for NA1_4855099977
INFO 2025-07-18 00:19:40,666 riot_api 10 140213579929280 Making Riot API request to: https://americas.api.riotgames.com/lol/match/v5/matches/NA1_4855099977
DEBUG 2025-07-18 00:19:40,667 connectionpool 10 140213579929280 Starting new HTTPS connection (1): americas.api.riotgames.com:443
DEBUG 2025-07-18 00:19:40,923 connectionpool 10 140213579929280 https://americas.api.riotgames.com:443 "GET /lol/match/v5/matches/NA1_4855099977 HTTP/1.1" 200 None
INFO 2025-07-18 00:19:40,924 riot_api 10 140213579929280 Riot API response status: 200
INFO 2025-07-18 00:19:40,924 riot_api 10 140213579929280 Riot API response data keys: ['metadata', 'info']
INFO 2025-07-18 00:19:40,925 views 10 140213579929280 Match NA1_4855099977 has 10 participants
INFO 2025-07-18 00:19:40,931 views 10 140213579929280 Successfully created match NA1_4855099977
INFO 2025-07-18 00:19:40,931 views 10 140213579929280 Processing match 5/50: NA1_4855063391
INFO 2025-07-18 00:19:40,932 views 10 140213579929280 Fetching match details for NA1_4855063391
INFO 2025-07-18 00:19:40,932 riot_api 10 140213579929280 Making Riot API request to: https://americas.api.riotgames.com/lol/match/v5/matches/NA1_4855063391
DEBUG 2025-07-18 00:19:40,933 connectionpool 10 140213579929280 Starting new HTTPS connection (1): americas.api.riotgames.com:443
DEBUG 2025-07-18 00:19:41,207 connectionpool 10 140213579929280 https://americas.api.riotgames.com:443 "GET /lol/match/v5/matches/NA1_4855063391 HTTP/1.1" 200 None
INFO 2025-07-18 00:19:41,209 riot_api 10 140213579929280 Riot API response status: 200
INFO 2025-07-18 00:19:41,210 riot_api 10 140213579929280 Riot API response data keys: ['metadata', 'info']
INFO 2025-07-18 00:19:41,212 views 10 140213579929280 Match NA1_4855063391 has 10 participants
INFO 2025-07-18 00:19:41,219 views 10 140213579929280 Successfully created match NA1_4855063391
INFO 2025-07-18 00:19:41,220 views 10 140213579929280 Processing match 6/50: NA1_4835149722
INFO 2025-07-18 00:19:41,222 views 10 140213579929280 Fetching match details for NA1_4835149722
INFO 2025-07-18 00:19:41,223 riot_api 10 140213579929280 Making Riot API request to: https://americas.api.riotgames.com/lol/match/v5/matches/NA1_4835149722
DEBUG 2025-07-18 00:19:41,225 connectionpool 10 140213579929280 Starting new HTTPS connection (1): americas.api.riotgames.com:443
DEBUG 2025-07-18 00:19:41,526 connectionpool 10 140213579929280 https://americas.api.riotgames.com:443 "GET /lol/match/v5/matches/NA1_4835149722 HTTP/1.1" 200 None
INFO 2025-07-18 00:19:41,531 riot_api 10 140213579929280 Riot API response status: 200
INFO 2025-07-18 00:19:41,532 riot_api 10 140213579929280 Riot API response data keys: ['metadata', 'info']
INFO 2025-07-18 00:19:41,534 views 10 140213579929280 Match NA1_4835149722 has 10 participants
INFO 2025-07-18 00:19:41,540 views 10 140213579929280 Successfully created match NA1_4835149722
INFO 2025-07-18 00:19:41,540 views 10 140213579929280 Processing match 7/50: NA1_4835117188
INFO 2025-07-18 00:19:41,542 views 10 140213579929280 Fetching match details for NA1_4835117188
INFO 2025-07-18 00:19:41,542 riot_api 10 140213579929280 Making Riot API request to: https://americas.api.riotgames.com/lol/match/v5/matches/NA1_4835117188
DEBUG 2025-07-18 00:19:41,544 connectionpool 10 140213579929280 Starting new HTTPS connection (1): americas.api.riotgames.com:443
DEBUG 2025-07-18 00:19:41,882 connectionpool 10 140213579929280 https://americas.api.riotgames.com:443 "GET /lol/match/v5/matches/NA1_4835117188 HTTP/1.1" 200 None
INFO 2025-07-18 00:19:41,884 riot_api 10 140213579929280 Riot API response status: 200
INFO 2025-07-18 00:19:41,886 riot_api 10 140213579929280 Riot API response data keys: ['metadata', 'info']
INFO 2025-07-18 00:19:41,888 views 10 140213579929280 Match NA1_4835117188 has 10 participants
INFO 2025-07-18 00:19:41,894 views 10 140213579929280 Successfully created match NA1_4835117188
INFO 2025-07-18 00:19:41,894 views 10 140213579929280 Processing match 8/50: NA1_4833028759
INFO 2025-07-18 00:19:41,896 views 10 140213579929280 Fetching match details for NA1_4833028759
INFO 2025-07-18 00:19:41,896 riot_api 10 140213579929280 Making Riot API request to: https://americas.api.riotgames.com/lol/match/v5/matches/NA1_4833028759
DEBUG 2025-07-18 00:19:41,899 connectionpool 10 140213579929280 Starting new HTTPS connection (1): americas.api.riotgames.com:443
DEBUG 2025-07-18 00:19:42,129 connectionpool 10 140213579929280 https://americas.api.riotgames.com:443 "GET /lol/match/v5/matches/NA1_4833028759 HTTP/1.1" 200 None
INFO 2025-07-18 00:19:42,192 riot_api 10 140213579929280 Riot API response status: 200
INFO 2025-07-18 00:19:42,193 riot_api 10 140213579929280 Riot API response data keys: ['metadata', 'info']
INFO 2025-07-18 00:19:42,195 views 10 140213579929280 Match NA1_4833028759 has 10 participants
INFO 2025-07-18 00:19:42,200 views 10 140213579929280 Successfully created match NA1_4833028759
INFO 2025-07-18 00:19:42,200 views 10 140213579929280 Processing match 9/50: NA1_4832981390
INFO 2025-07-18 00:19:42,201 views 10 140213579929280 Fetching match details for NA1_4832981390
INFO 2025-07-18 00:19:42,202 riot_api 10 140213579929280 Making Riot API request to: https://americas.api.riotgames.com/lol/match/v5/matches/NA1_4832981390
DEBUG 2025-07-18 00:19:42,204 connectionpool 10 140213579929280 Starting new HTTPS connection (1): americas.api.riotgames.com:443
DEBUG 2025-07-18 00:19:42,605 connectionpool 10 140213579929280 https://americas.api.riotgames.com:443 "GET /lol/match/v5/matches/NA1_4832981390 HTTP/1.1" 200 None
INFO 2025-07-18 00:19:42,609 riot_api 10 140213579929280 Riot API response status: 200
INFO 2025-07-18 00:19:42,611 riot_api 10 140213579929280 Riot API response data keys: ['metadata', 'info']
INFO 2025-07-18 00:19:42,612 views 10 140213579929280 Match NA1_4832981390 has 10 participants
INFO 2025-07-18 00:19:42,620 views 10 140213579929280 Successfully created match NA1_4832981390
INFO 2025-07-18 00:19:42,621 views 10 140213579929280 Processing match 10/50: NA1_4832953546
INFO 2025-07-18 00:19:42,623 views 10 140213579929280 Fetching match details for NA1_4832953546
INFO 2025-07-18 00:19:42,624 riot_api 10 140213579929280 Making Riot API request to: https://americas.api.riotgames.com/lol/match/v5/matches/NA1_4832953546
DEBUG 2025-07-18 00:19:42,625 connectionpool 10 140213579929280 Starting new HTTPS connection (1): americas.api.riotgames.com:443
DEBUG 2025-07-18 00:19:42,897 connectionpool 10 140213579929280 https://americas.api.riotgames.com:443 "GET /lol/match/v5/matches/NA1_4832953546 HTTP/1.1" 200 None
INFO 2025-07-18 00:19:42,901 riot_api 10 140213579929280 Riot API response status: 200
INFO 2025-07-18 00:19:42,902 riot_api 10 140213579929280 Riot API response data keys: ['metadata', 'info']
INFO 2025-07-18 00:19:42,903 views 10 140213579929280 Match NA1_4832953546 has 10 participants
INFO 2025-07-18 00:19:42,908 views 10 140213579929280 Successfully created match NA1_4832953546
INFO 2025-07-18 00:19:42,909 views 10 140213579929280 Processing match 11/50: NA1_4816248981
INFO 2025-07-18 00:19:42,910 views 10 140213579929280 Fetching match details for NA1_4816248981
INFO 2025-07-18 00:19:42,910 riot_api 10 140213579929280 Making Riot API request to: https://americas.api.riotgames.com/lol/match/v5/matches/NA1_4816248981
DEBUG 2025-07-18 00:19:42,912 connectionpool 10 140213579929280 Starting new HTTPS connection (1): americas.api.riotgames.com:443
DEBUG 2025-07-18 00:19:43,243 connectionpool 10 140213579929280 https://americas.api.riotgames.com:443 "GET /lol/match/v5/matches/NA1_4816248981 HTTP/1.1" 200 None
INFO 2025-07-18 00:19:43,253 riot_api 10 140213579929280 Riot API response status: 200
INFO 2025-07-18 00:19:43,255 riot_api 10 140213579929280 Riot API response data keys: ['metadata', 'info']
INFO 2025-07-18 00:19:43,257 views 10 140213579929280 Match NA1_4816248981 has 10 participants
INFO 2025-07-18 00:19:43,263 views 10 140213579929280 Successfully created match NA1_4816248981
INFO 2025-07-18 00:19:43,263 views 10 140213579929280 Processing match 12/50: NA1_4816209549
INFO 2025-07-18 00:19:43,265 views 10 140213579929280 Fetching match details for NA1_4816209549
INFO 2025-07-18 00:19:43,266 riot_api 10 140213579929280 Making Riot API request to: https://americas.api.riotgames.com/lol/match/v5/matches/NA1_4816209549
DEBUG 2025-07-18 00:19:43,267 connectionpool 10 140213579929280 Starting new HTTPS connection (1): americas.api.riotgames.com:443
DEBUG 2025-07-18 00:19:43,589 connectionpool 10 140213579929280 https://americas.api.riotgames.com:443 "GET /lol/match/v5/matches/NA1_4816209549 HTTP/1.1" 200 None
INFO 2025-07-18 00:19:43,598 riot_api 10 140213579929280 Riot API response status: 200
INFO 2025-07-18 00:19:43,599 riot_api 10 140213579929280 Riot API response data keys: ['metadata', 'info']
INFO 2025-07-18 00:19:43,600 views 10 140213579929280 Match NA1_4816209549 has 10 participants
INFO 2025-07-18 00:19:43,607 views 10 140213579929280 Successfully created match NA1_4816209549
INFO 2025-07-18 00:19:43,607 views 10 140213579929280 Processing match 13/50: NA1_4807481993
INFO 2025-07-18 00:19:43,608 views 10 140213579929280 Fetching match details for NA1_4807481993
INFO 2025-07-18 00:19:43,609 riot_api 10 140213579929280 Making Riot API request to: https://americas.api.riotgames.com/lol/match/v5/matches/NA1_4807481993
DEBUG 2025-07-18 00:19:43,612 connectionpool 10 140213579929280 Starting new HTTPS connection (1): americas.api.riotgames.com:443
DEBUG 2025-07-18 00:19:43,939 connectionpool 10 140213579929280 https://americas.api.riotgames.com:443 "GET /lol/match/v5/matches/NA1_4807481993 HTTP/1.1" 200 None
INFO 2025-07-18 00:19:43,948 riot_api 10 140213579929280 Riot API response status: 200
INFO 2025-07-18 00:19:43,950 riot_api 10 140213579929280 Riot API response data keys: ['metadata', 'info']
INFO 2025-07-18 00:19:43,955 views 10 140213579929280 Match NA1_4807481993 has 10 participants
INFO 2025-07-18 00:19:43,963 views 10 140213579929280 Successfully created match NA1_4807481993
INFO 2025-07-18 00:19:43,963 views 10 140213579929280 Processing match 14/50: NA1_4807447522
INFO 2025-07-18 00:19:43,965 views 10 140213579929280 Fetching match details for NA1_4807447522
INFO 2025-07-18 00:19:43,966 riot_api 10 140213579929280 Making Riot API request to: https://americas.api.riotgames.com/lol/match/v5/matches/NA1_4807447522
DEBUG 2025-07-18 00:19:43,969 connectionpool 10 140213579929280 Starting new HTTPS connection (1): americas.api.riotgames.com:443
DEBUG 2025-07-18 00:19:44,306 connectionpool 10 140213579929280 https://americas.api.riotgames.com:443 "GET /lol/match/v5/matches/NA1_4807447522 HTTP/1.1" 200 None
INFO 2025-07-18 00:19:44,311 riot_api 10 140213579929280 Riot API response status: 200
INFO 2025-07-18 00:19:44,312 riot_api 10 140213579929280 Riot API response data keys: ['metadata', 'info']
INFO 2025-07-18 00:19:44,313 views 10 140213579929280 Match NA1_4807447522 has 10 participants
INFO 2025-07-18 00:19:44,321 views 10 140213579929280 Successfully created match NA1_4807447522
INFO 2025-07-18 00:19:44,324 views 10 140213579929280 Processing match 15/50: NA1_4807424670
INFO 2025-07-18 00:19:44,325 views 10 140213579929280 Fetching match details for NA1_4807424670
INFO 2025-07-18 00:19:44,326 riot_api 10 140213579929280 Making Riot API request to: https://americas.api.riotgames.com/lol/match/v5/matches/NA1_4807424670
DEBUG 2025-07-18 00:19:44,329 connectionpool 10 140213579929280 Starting new HTTPS connection (1): americas.api.riotgames.com:443
DEBUG 2025-07-18 00:19:44,659 connectionpool 10 140213579929280 https://americas.api.riotgames.com:443 "GET /lol/match/v5/matches/NA1_4807424670 HTTP/1.1" 200 None
INFO 2025-07-18 00:19:44,666 riot_api 10 140213579929280 Riot API response status: 200
INFO 2025-07-18 00:19:44,667 riot_api 10 140213579929280 Riot API response data keys: ['metadata', 'info']
INFO 2025-07-18 00:19:44,669 views 10 140213579929280 Match NA1_4807424670 has 10 participants
INFO 2025-07-18 00:19:44,674 views 10 140213579929280 Successfully created match NA1_4807424670
INFO 2025-07-18 00:19:44,674 views 10 140213579929280 Processing match 16/50: NA1_4804442787
INFO 2025-07-18 00:19:44,675 views 10 140213579929280 Fetching match details for NA1_4804442787
INFO 2025-07-18 00:19:44,676 riot_api 10 140213579929280 Making Riot API request to: https://americas.api.riotgames.com/lol/match/v5/matches/NA1_4804442787
DEBUG 2025-07-18 00:19:44,677 connectionpool 10 140213579929280 Starting new HTTPS connection (1): americas.api.riotgames.com:443
DEBUG 2025-07-18 00:19:44,990 connectionpool 10 140213579929280 https://americas.api.riotgames.com:443 "GET /lol/match/v5/matches/NA1_4804442787 HTTP/1.1" 200 None
INFO 2025-07-18 00:19:44,998 riot_api 10 140213579929280 Riot API response status: 200
INFO 2025-07-18 00:19:44,999 riot_api 10 140213579929280 Riot API response data keys: ['metadata', 'info']
INFO 2025-07-18 00:19:45,000 views 10 140213579929280 Match NA1_4804442787 has 10 participants
INFO 2025-07-18 00:19:45,006 views 10 140213579929280 Successfully created match NA1_4804442787
INFO 2025-07-18 00:19:45,006 views 10 140213579929280 Processing match 17/50: NA1_4804406206
INFO 2025-07-18 00:19:45,008 views 10 140213579929280 Fetching match details for NA1_4804406206
INFO 2025-07-18 00:19:45,009 riot_api 10 140213579929280 Making Riot API request to: https://americas.api.riotgames.com/lol/match/v5/matches/NA1_4804406206
DEBUG 2025-07-18 00:19:45,010 connectionpool 10 140213579929280 Starting new HTTPS connection (1): americas.api.riotgames.com:443
DEBUG 2025-07-18 00:19:45,332 connectionpool 10 140213579929280 https://americas.api.riotgames.com:443 "GET /lol/match/v5/matches/NA1_4804406206 HTTP/1.1" 200 None
INFO 2025-07-18 00:19:45,335 riot_api 10 140213579929280 Riot API response status: 200
INFO 2025-07-18 00:19:45,336 riot_api 10 140213579929280 Riot API response data keys: ['metadata', 'info']
INFO 2025-07-18 00:19:45,337 views 10 140213579929280 Match NA1_4804406206 has 10 participants
INFO 2025-07-18 00:19:45,343 views 10 140213579929280 Successfully created match NA1_4804406206
INFO 2025-07-18 00:19:45,343 views 10 140213579929280 Processing match 18/50: NA1_4804390828
INFO 2025-07-18 00:19:45,344 views 10 140213579929280 Fetching match details for NA1_4804390828
INFO 2025-07-18 00:19:45,345 riot_api 10 140213579929280 Making Riot API request to: https://americas.api.riotgames.com/lol/match/v5/matches/NA1_4804390828
DEBUG 2025-07-18 00:19:45,346 connectionpool 10 140213579929280 Starting new HTTPS connection (1): americas.api.riotgames.com:443
DEBUG 2025-07-18 00:19:45,640 connectionpool 10 140213579929280 https://americas.api.riotgames.com:443 "GET /lol/match/v5/matches/NA1_4804390828 HTTP/1.1" 200 None
INFO 2025-07-18 00:19:45,647 riot_api 10 140213579929280 Riot API response status: 200
INFO 2025-07-18 00:19:45,649 riot_api 10 140213579929280 Riot API response data keys: ['metadata', 'info']
INFO 2025-07-18 00:19:45,652 views 10 140213579929280 Match NA1_4804390828 has 10 participants
INFO 2025-07-18 00:19:45,660 views 10 140213579929280 Successfully created match NA1_4804390828
INFO 2025-07-18 00:19:45,661 views 10 140213579929280 Processing match 19/50: NA1_4800729034
INFO 2025-07-18 00:19:45,663 views 10 140213579929280 Fetching match details for NA1_4800729034
INFO 2025-07-18 00:19:45,664 riot_api 10 140213579929280 Making Riot API request to: https://americas.api.riotgames.com/lol/match/v5/matches/NA1_4800729034
DEBUG 2025-07-18 00:19:45,665 connectionpool 10 140213579929280 Starting new HTTPS connection (1): americas.api.riotgames.com:443
DEBUG 2025-07-18 00:19:45,957 connectionpool 10 140213579929280 https://americas.api.riotgames.com:443 "GET /lol/match/v5/matches/NA1_4800729034 HTTP/1.1" 200 None
INFO 2025-07-18 00:19:45,958 riot_api 10 140213579929280 Riot API response status: 200
INFO 2025-07-18 00:19:45,959 riot_api 10 140213579929280 Riot API response data keys: ['metadata', 'info']
INFO 2025-07-18 00:19:45,961 views 10 140213579929280 Match NA1_4800729034 has 10 participants
INFO 2025-07-18 00:19:45,966 views 10 140213579929280 Successfully created match NA1_4800729034
INFO 2025-07-18 00:19:45,966 views 10 140213579929280 Processing match 20/50: NA1_4787959127
INFO 2025-07-18 00:19:45,967 views 10 140213579929280 Fetching match details for NA1_4787959127
INFO 2025-07-18 00:19:45,968 riot_api 10 140213579929280 Making Riot API request to: https://americas.api.riotgames.com/lol/match/v5/matches/NA1_4787959127
DEBUG 2025-07-18 00:19:45,969 connectionpool 10 140213579929280 Starting new HTTPS connection (1): americas.api.riotgames.com:443
DEBUG 2025-07-18 00:19:46,245 connectionpool 10 140213579929280 https://americas.api.riotgames.com:443 "GET /lol/match/v5/matches/NA1_4787959127 HTTP/1.1" 200 None
INFO 2025-07-18 00:19:46,256 riot_api 10 140213579929280 Riot API response status: 200
INFO 2025-07-18 00:19:46,257 riot_api 10 140213579929280 Riot API response data keys: ['metadata', 'info']
INFO 2025-07-18 00:19:46,259 views 10 140213579929280 Match NA1_4787959127 has 10 participants
INFO 2025-07-18 00:19:46,266 views 10 140213579929280 Successfully created match NA1_4787959127
INFO 2025-07-18 00:19:46,267 views 10 140213579929280 Processing match 21/50: NA1_4787938048
INFO 2025-07-18 00:19:46,269 views 10 140213579929280 Fetching match details for NA1_4787938048
INFO 2025-07-18 00:19:46,270 riot_api 10 140213579929280 Making Riot API request to: https://americas.api.riotgames.com/lol/match/v5/matches/NA1_4787938048
DEBUG 2025-07-18 00:19:46,271 connectionpool 10 140213579929280 Starting new HTTPS connection (1): americas.api.riotgames.com:443
DEBUG 2025-07-18 00:19:46,557 connectionpool 10 140213579929280 https://americas.api.riotgames.com:443 "GET /lol/match/v5/matches/NA1_4787938048 HTTP/1.1" 200 None
INFO 2025-07-18 00:19:46,564 riot_api 10 140213579929280 Riot API response status: 200
INFO 2025-07-18 00:19:46,565 riot_api 10 140213579929280 Riot API response data keys: ['metadata', 'info']
INFO 2025-07-18 00:19:46,567 views 10 140213579929280 Match NA1_4787938048 has 10 participants
INFO 2025-07-18 00:19:46,573 views 10 140213579929280 Successfully created match NA1_4787938048
INFO 2025-07-18 00:19:46,573 views 10 140213579929280 Processing match 22/50: NA1_4787908314
INFO 2025-07-18 00:19:46,575 views 10 140213579929280 Fetching match details for NA1_4787908314
INFO 2025-07-18 00:19:46,575 riot_api 10 140213579929280 Making Riot API request to: https://americas.api.riotgames.com/lol/match/v5/matches/NA1_4787908314
DEBUG 2025-07-18 00:19:46,576 connectionpool 10 140213579929280 Starting new HTTPS connection (1): americas.api.riotgames.com:443
DEBUG 2025-07-18 00:19:46,873 connectionpool 10 140213579929280 https://americas.api.riotgames.com:443 "GET /lol/match/v5/matches/NA1_4787908314 HTTP/1.1" 200 None
INFO 2025-07-18 00:19:46,876 riot_api 10 140213579929280 Riot API response status: 200
INFO 2025-07-18 00:19:46,877 riot_api 10 140213579929280 Riot API response data keys: ['metadata', 'info']
INFO 2025-07-18 00:19:46,878 views 10 140213579929280 Match NA1_4787908314 has 10 participants
INFO 2025-07-18 00:19:46,884 views 10 140213579929280 Successfully created match NA1_4787908314
INFO 2025-07-18 00:19:46,885 views 10 140213579929280 Processing match 23/50: NA1_4787883174
INFO 2025-07-18 00:19:46,888 views 10 140213579929280 Fetching match details for NA1_4787883174
INFO 2025-07-18 00:19:46,892 riot_api 10 140213579929280 Making Riot API request to: https://americas.api.riotgames.com/lol/match/v5/matches/NA1_4787883174
DEBUG 2025-07-18 00:19:46,894 connectionpool 10 140213579929280 Starting new HTTPS connection (1): americas.api.riotgames.com:443
DEBUG 2025-07-18 00:19:47,236 connectionpool 10 140213579929280 https://americas.api.riotgames.com:443 "GET /lol/match/v5/matches/NA1_4787883174 HTTP/1.1" 200 None
INFO 2025-07-18 00:19:47,239 riot_api 10 140213579929280 Riot API response status: 200
INFO 2025-07-18 00:19:47,241 riot_api 10 140213579929280 Riot API response data keys: ['metadata', 'info']
INFO 2025-07-18 00:19:47,242 views 10 140213579929280 Match NA1_4787883174 has 10 participants
INFO 2025-07-18 00:19:47,247 views 10 140213579929280 Successfully created match NA1_4787883174
INFO 2025-07-18 00:19:47,248 views 10 140213579929280 Processing match 24/50: NA1_4787843160
INFO 2025-07-18 00:19:47,249 views 10 140213579929280 Fetching match details for NA1_4787843160
INFO 2025-07-18 00:19:47,252 riot_api 10 140213579929280 Making Riot API request to: https://americas.api.riotgames.com/lol/match/v5/matches/NA1_4787843160
DEBUG 2025-07-18 00:19:47,255 connectionpool 10 140213579929280 Starting new HTTPS connection (1): americas.api.riotgames.com:443
DEBUG 2025-07-18 00:19:47,590 connectionpool 10 140213579929280 https://americas.api.riotgames.com:443 "GET /lol/match/v5/matches/NA1_4787843160 HTTP/1.1" 200 None
INFO 2025-07-18 00:19:47,593 riot_api 10 140213579929280 Riot API response status: 200
INFO 2025-07-18 00:19:47,594 riot_api 10 140213579929280 Riot API response data keys: ['metadata', 'info']
INFO 2025-07-18 00:19:47,596 views 10 140213579929280 Match NA1_4787843160 has 10 participants
INFO 2025-07-18 00:19:47,601 views 10 140213579929280 Successfully created match NA1_4787843160
INFO 2025-07-18 00:19:47,601 views 10 140213579929280 Processing match 25/50: NA1_4787825844
INFO 2025-07-18 00:19:47,603 views 10 140213579929280 Fetching match details for NA1_4787825844
INFO 2025-07-18 00:19:47,603 riot_api 10 140213579929280 Making Riot API request to: https://americas.api.riotgames.com/lol/match/v5/matches/NA1_4787825844
DEBUG 2025-07-18 00:19:47,604 connectionpool 10 140213579929280 Starting new HTTPS connection (1): americas.api.riotgames.com:443
DEBUG 2025-07-18 00:19:47,911 connectionpool 10 140213579929280 https://americas.api.riotgames.com:443 "GET /lol/match/v5/matches/NA1_4787825844 HTTP/1.1" 200 None
INFO 2025-07-18 00:19:47,958 riot_api 10 140213579929280 Riot API response status: 200
INFO 2025-07-18 00:19:47,959 riot_api 10 140213579929280 Riot API response data keys: ['metadata', 'info']
INFO 2025-07-18 00:19:47,961 views 10 140213579929280 Match NA1_4787825844 has 10 participants
INFO 2025-07-18 00:19:47,968 views 10 140213579929280 Successfully created match NA1_4787825844
INFO 2025-07-18 00:19:47,969 views 10 140213579929280 Processing match 26/50: NA1_4786939040
INFO 2025-07-18 00:19:47,972 views 10 140213579929280 Fetching match details for NA1_4786939040
INFO 2025-07-18 00:19:47,972 riot_api 10 140213579929280 Making Riot API request to: https://americas.api.riotgames.com/lol/match/v5/matches/NA1_4786939040
DEBUG 2025-07-18 00:19:47,975 connectionpool 10 140213579929280 Starting new HTTPS connection (1): americas.api.riotgames.com:443
DEBUG 2025-07-18 00:19:48,290 connectionpool 10 140213579929280 https://americas.api.riotgames.com:443 "GET /lol/match/v5/matches/NA1_4786939040 HTTP/1.1" 200 None
INFO 2025-07-18 00:19:48,293 riot_api 10 140213579929280 Riot API response status: 200
INFO 2025-07-18 00:19:48,294 riot_api 10 140213579929280 Riot API response data keys: ['metadata', 'info']
INFO 2025-07-18 00:19:48,295 views 10 140213579929280 Match NA1_4786939040 has 10 participants
INFO 2025-07-18 00:19:48,301 views 10 140213579929280 Successfully created match NA1_4786939040
INFO 2025-07-18 00:19:48,301 views 10 140213579929280 Processing match 27/50: NA1_4786920330
INFO 2025-07-18 00:19:48,302 views 10 140213579929280 Fetching match details for NA1_4786920330
INFO 2025-07-18 00:19:48,302 riot_api 10 140213579929280 Making Riot API request to: https://americas.api.riotgames.com/lol/match/v5/matches/NA1_4786920330
DEBUG 2025-07-18 00:19:48,303 connectionpool 10 140213579929280 Starting new HTTPS connection (1): americas.api.riotgames.com:443
DEBUG 2025-07-18 00:19:48,592 connectionpool 10 140213579929280 https://americas.api.riotgames.com:443 "GET /lol/match/v5/matches/NA1_4786920330 HTTP/1.1" 200 None
INFO 2025-07-18 00:19:48,594 riot_api 10 140213579929280 Riot API response status: 200
INFO 2025-07-18 00:19:48,595 riot_api 10 140213579929280 Riot API response data keys: ['metadata', 'info']
INFO 2025-07-18 00:19:48,597 views 10 140213579929280 Match NA1_4786920330 has 10 participants
INFO 2025-07-18 00:19:48,604 views 10 140213579929280 Successfully created match NA1_4786920330
INFO 2025-07-18 00:19:48,604 views 10 140213579929280 Processing match 28/50: NA1_4786883663
INFO 2025-07-18 00:19:48,605 views 10 140213579929280 Fetching match details for NA1_4786883663
INFO 2025-07-18 00:19:48,606 riot_api 10 140213579929280 Making Riot API request to: https://americas.api.riotgames.com/lol/match/v5/matches/NA1_4786883663
DEBUG 2025-07-18 00:19:48,607 connectionpool 10 140213579929280 Starting new HTTPS connection (1): americas.api.riotgames.com:443
DEBUG 2025-07-18 00:19:48,865 connectionpool 10 140213579929280 https://americas.api.riotgames.com:443 "GET /lol/match/v5/matches/NA1_4786883663 HTTP/1.1" 200 None
INFO 2025-07-18 00:19:48,866 riot_api 10 140213579929280 Riot API response status: 200
INFO 2025-07-18 00:19:48,867 riot_api 10 140213579929280 Riot API response data keys: ['metadata', 'info']
INFO 2025-07-18 00:19:48,868 views 10 140213579929280 Match NA1_4786883663 has 10 participants
INFO 2025-07-18 00:19:48,873 views 10 140213579929280 Successfully created match NA1_4786883663
INFO 2025-07-18 00:19:48,873 views 10 140213579929280 Processing match 29/50: NA1_4786861288
INFO 2025-07-18 00:19:48,874 views 10 140213579929280 Fetching match details for NA1_4786861288
INFO 2025-07-18 00:19:48,875 riot_api 10 140213579929280 Making Riot API request to: https://americas.api.riotgames.com/lol/match/v5/matches/NA1_4786861288
DEBUG 2025-07-18 00:19:48,876 connectionpool 10 140213579929280 Starting new HTTPS connection (1): americas.api.riotgames.com:443
DEBUG 2025-07-18 00:19:49,178 connectionpool 10 140213579929280 https://americas.api.riotgames.com:443 "GET /lol/match/v5/matches/NA1_4786861288 HTTP/1.1" 200 None
INFO 2025-07-18 00:19:49,183 riot_api 10 140213579929280 Riot API response status: 200
INFO 2025-07-18 00:19:49,184 riot_api 10 140213579929280 Riot API response data keys: ['metadata', 'info']
INFO 2025-07-18 00:19:49,185 views 10 140213579929280 Match NA1_4786861288 has 10 participants
INFO 2025-07-18 00:19:49,194 views 10 140213579929280 Successfully created match NA1_4786861288
INFO 2025-07-18 00:19:49,194 views 10 140213579929280 Processing match 30/50: NA1_4786821189
INFO 2025-07-18 00:19:49,198 views 10 140213579929280 Fetching match details for NA1_4786821189
INFO 2025-07-18 00:19:49,199 riot_api 10 140213579929280 Making Riot API request to: https://americas.api.riotgames.com/lol/match/v5/matches/NA1_4786821189
DEBUG 2025-07-18 00:19:49,201 connectionpool 10 140213579929280 Starting new HTTPS connection (1): americas.api.riotgames.com:443
DEBUG 2025-07-18 00:19:49,487 connectionpool 10 140213579929280 https://americas.api.riotgames.com:443 "GET /lol/match/v5/matches/NA1_4786821189 HTTP/1.1" 200 None
INFO 2025-07-18 00:19:49,540 riot_api 10 140213579929280 Riot API response status: 200
INFO 2025-07-18 00:19:49,541 riot_api 10 140213579929280 Riot API response data keys: ['metadata', 'info']
INFO 2025-07-18 00:19:49,544 views 10 140213579929280 Match NA1_4786821189 has 10 participants
INFO 2025-07-18 00:19:49,549 views 10 140213579929280 Successfully created match NA1_4786821189
INFO 2025-07-18 00:19:49,549 views 10 140213579929280 Processing match 31/50: NA1_4786789615
INFO 2025-07-18 00:19:49,550 views 10 140213579929280 Fetching match details for NA1_4786789615
INFO 2025-07-18 00:19:49,551 riot_api 10 140213579929280 Making Riot API request to: https://americas.api.riotgames.com/lol/match/v5/matches/NA1_4786789615
DEBUG 2025-07-18 00:19:49,552 connectionpool 10 140213579929280 Starting new HTTPS connection (1): americas.api.riotgames.com:443
DEBUG 2025-07-18 00:19:49,941 connectionpool 10 140213579929280 https://americas.api.riotgames.com:443 "GET /lol/match/v5/matches/NA1_4786789615 HTTP/1.1" 200 None
INFO 2025-07-18 00:19:49,950 riot_api 10 140213579929280 Riot API response status: 200
INFO 2025-07-18 00:19:49,951 riot_api 10 140213579929280 Riot API response data keys: ['metadata', 'info']
INFO 2025-07-18 00:19:49,953 views 10 140213579929280 Match NA1_4786789615 has 10 participants
INFO 2025-07-18 00:19:49,960 views 10 140213579929280 Successfully created match NA1_4786789615
INFO 2025-07-18 00:19:49,961 views 10 140213579929280 Processing match 32/50: NA1_4772292288
INFO 2025-07-18 00:19:49,963 views 10 140213579929280 Fetching match details for NA1_4772292288
INFO 2025-07-18 00:19:49,963 riot_api 10 140213579929280 Making Riot API request to: https://americas.api.riotgames.com/lol/match/v5/matches/NA1_4772292288
DEBUG 2025-07-18 00:19:49,964 connectionpool 10 140213579929280 Starting new HTTPS connection (1): americas.api.riotgames.com:443
DEBUG 2025-07-18 00:19:50,301 connectionpool 10 140213579929280 https://americas.api.riotgames.com:443 "GET /lol/match/v5/matches/NA1_4772292288 HTTP/1.1" 200 None
INFO 2025-07-18 00:19:50,306 riot_api 10 140213579929280 Riot API response status: 200
INFO 2025-07-18 00:19:50,307 riot_api 10 140213579929280 Riot API response data keys: ['metadata', 'info']
INFO 2025-07-18 00:19:50,310 views 10 140213579929280 Match NA1_4772292288 has 10 participants
INFO 2025-07-18 00:19:50,315 views 10 140213579929280 Successfully created match NA1_4772292288
INFO 2025-07-18 00:19:50,316 views 10 140213579929280 Processing match 33/50: NA1_4772241478
INFO 2025-07-18 00:19:50,317 views 10 140213579929280 Fetching match details for NA1_4772241478
INFO 2025-07-18 00:19:50,318 riot_api 10 140213579929280 Making Riot API request to: https://americas.api.riotgames.com/lol/match/v5/matches/NA1_4772241478
DEBUG 2025-07-18 00:19:50,319 connectionpool 10 140213579929280 Starting new HTTPS connection (1): americas.api.riotgames.com:443
DEBUG 2025-07-18 00:19:50,712 connectionpool 10 140213579929280 https://americas.api.riotgames.com:443 "GET /lol/match/v5/matches/NA1_4772241478 HTTP/1.1" 200 None
INFO 2025-07-18 00:19:50,721 riot_api 10 140213579929280 Riot API response status: 200
INFO 2025-07-18 00:19:50,723 riot_api 10 140213579929280 Riot API response data keys: ['metadata', 'info']
INFO 2025-07-18 00:19:50,724 views 10 140213579929280 Match NA1_4772241478 has 10 participants
INFO 2025-07-18 00:19:50,730 views 10 140213579929280 Successfully created match NA1_4772241478
INFO 2025-07-18 00:19:50,730 views 10 140213579929280 Processing match 34/50: NA1_4768912146
INFO 2025-07-18 00:19:50,732 views 10 140213579929280 Fetching match details for NA1_4768912146
INFO 2025-07-18 00:19:50,732 riot_api 10 140213579929280 Making Riot API request to: https://americas.api.riotgames.com/lol/match/v5/matches/NA1_4768912146
DEBUG 2025-07-18 00:19:50,733 connectionpool 10 140213579929280 Starting new HTTPS connection (1): americas.api.riotgames.com:443
DEBUG 2025-07-18 00:19:51,076 connectionpool 10 140213579929280 https://americas.api.riotgames.com:443 "GET /lol/match/v5/matches/NA1_4768912146 HTTP/1.1" 200 None
INFO 2025-07-18 00:19:51,081 riot_api 10 140213579929280 Riot API response status: 200
INFO 2025-07-18 00:19:51,082 riot_api 10 140213579929280 Riot API response data keys: ['metadata', 'info']
INFO 2025-07-18 00:19:51,085 views 10 140213579929280 Match NA1_4768912146 has 10 participants
INFO 2025-07-18 00:19:51,092 views 10 140213579929280 Successfully created match NA1_4768912146
INFO 2025-07-18 00:19:51,093 views 10 140213579929280 Processing match 35/50: NA1_4768807707
INFO 2025-07-18 00:19:51,096 views 10 140213579929280 Fetching match details for NA1_4768807707
INFO 2025-07-18 00:19:51,096 riot_api 10 140213579929280 Making Riot API request to: https://americas.api.riotgames.com/lol/match/v5/matches/NA1_4768807707
DEBUG 2025-07-18 00:19:51,098 connectionpool 10 140213579929280 Starting new HTTPS connection (1): americas.api.riotgames.com:443
DEBUG 2025-07-18 00:19:51,400 connectionpool 10 140213579929280 https://americas.api.riotgames.com:443 "GET /lol/match/v5/matches/NA1_4768807707 HTTP/1.1" 200 None
INFO 2025-07-18 00:19:51,406 riot_api 10 140213579929280 Riot API response status: 200
INFO 2025-07-18 00:19:51,408 riot_api 10 140213579929280 Riot API response data keys: ['metadata', 'info']
INFO 2025-07-18 00:19:51,410 views 10 140213579929280 Match NA1_4768807707 has 10 participants
INFO 2025-07-18 00:19:51,416 views 10 140213579929280 Successfully created match NA1_4768807707
INFO 2025-07-18 00:19:51,416 views 10 140213579929280 Processing match 36/50: NA1_4768772590
INFO 2025-07-18 00:19:51,418 views 10 140213579929280 Fetching match details for NA1_4768772590
INFO 2025-07-18 00:19:51,418 riot_api 10 140213579929280 Making Riot API request to: https://americas.api.riotgames.com/lol/match/v5/matches/NA1_4768772590
DEBUG 2025-07-18 00:19:51,420 connectionpool 10 140213579929280 Starting new HTTPS connection (1): americas.api.riotgames.com:443
DEBUG 2025-07-18 00:19:51,856 connectionpool 10 140213579929280 https://americas.api.riotgames.com:443 "GET /lol/match/v5/matches/NA1_4768772590 HTTP/1.1" 200 None
INFO 2025-07-18 00:19:51,860 riot_api 10 140213579929280 Riot API response status: 200
INFO 2025-07-18 00:19:51,861 riot_api 10 140213579929280 Riot API response data keys: ['metadata', 'info']
INFO 2025-07-18 00:19:51,864 views 10 140213579929280 Match NA1_4768772590 has 10 participants
INFO 2025-07-18 00:19:51,870 views 10 140213579929280 Successfully created match NA1_4768772590
INFO 2025-07-18 00:19:51,870 views 10 140213579929280 Processing match 37/50: NA1_4768708706
INFO 2025-07-18 00:19:51,872 views 10 140213579929280 Fetching match details for NA1_4768708706
INFO 2025-07-18 00:19:51,872 riot_api 10 140213579929280 Making Riot API request to: https://americas.api.riotgames.com/lol/match/v5/matches/NA1_4768708706
DEBUG 2025-07-18 00:19:51,878 connectionpool 10 140213579929280 Starting new HTTPS connection (1): americas.api.riotgames.com:443
DEBUG 2025-07-18 00:19:52,191 connectionpool 10 140213579929280 https://americas.api.riotgames.com:443 "GET /lol/match/v5/matches/NA1_4768708706 HTTP/1.1" 200 None
INFO 2025-07-18 00:19:52,211 riot_api 10 140213579929280 Riot API response status: 200
INFO 2025-07-18 00:19:52,212 riot_api 10 140213579929280 Riot API response data keys: ['metadata', 'info']
INFO 2025-07-18 00:19:52,214 views 10 140213579929280 Match NA1_4768708706 has 10 participants
INFO 2025-07-18 00:19:52,224 views 10 140213579929280 Successfully created match NA1_4768708706
INFO 2025-07-18 00:19:52,227 views 10 140213579929280 Processing match 38/50: NA1_4767970015
INFO 2025-07-18 00:19:52,231 views 10 140213579929280 Fetching match details for NA1_4767970015
INFO 2025-07-18 00:19:52,232 riot_api 10 140213579929280 Making Riot API request to: https://americas.api.riotgames.com/lol/match/v5/matches/NA1_4767970015
DEBUG 2025-07-18 00:19:52,236 connectionpool 10 140213579929280 Starting new HTTPS connection (1): americas.api.riotgames.com:443
DEBUG 2025-07-18 00:19:52,523 connectionpool 10 140213579929280 https://americas.api.riotgames.com:443 "GET /lol/match/v5/matches/NA1_4767970015 HTTP/1.1" 200 None
INFO 2025-07-18 00:19:52,532 riot_api 10 140213579929280 Riot API response status: 200
INFO 2025-07-18 00:19:52,534 riot_api 10 140213579929280 Riot API response data keys: ['metadata', 'info']
INFO 2025-07-18 00:19:52,536 views 10 140213579929280 Match NA1_4767970015 has 10 participants
INFO 2025-07-18 00:19:52,544 views 10 140213579929280 Successfully created match NA1_4767970015
INFO 2025-07-18 00:19:52,550 views 10 140213579929280 Processing match 39/50: NA1_4767946877
INFO 2025-07-18 00:19:52,552 views 10 140213579929280 Fetching match details for NA1_4767946877
INFO 2025-07-18 00:19:52,554 riot_api 10 140213579929280 Making Riot API request to: https://americas.api.riotgames.com/lol/match/v5/matches/NA1_4767946877
DEBUG 2025-07-18 00:19:52,556 connectionpool 10 140213579929280 Starting new HTTPS connection (1): americas.api.riotgames.com:443
DEBUG 2025-07-18 00:19:52,893 connectionpool 10 140213579929280 https://americas.api.riotgames.com:443 "GET /lol/match/v5/matches/NA1_4767946877 HTTP/1.1" 200 None
INFO 2025-07-18 00:19:52,900 riot_api 10 140213579929280 Riot API response status: 200
INFO 2025-07-18 00:19:52,901 riot_api 10 140213579929280 Riot API response data keys: ['metadata', 'info']
INFO 2025-07-18 00:19:52,902 views 10 140213579929280 Match NA1_4767946877 has 10 participants
INFO 2025-07-18 00:19:52,909 views 10 140213579929280 Successfully created match NA1_4767946877
INFO 2025-07-18 00:19:52,909 views 10 140213579929280 Processing match 40/50: NA1_4751092848
INFO 2025-07-18 00:19:52,911 views 10 140213579929280 Fetching match details for NA1_4751092848
INFO 2025-07-18 00:19:52,911 riot_api 10 140213579929280 Making Riot API request to: https://americas.api.riotgames.com/lol/match/v5/matches/NA1_4751092848
DEBUG 2025-07-18 00:19:52,913 connectionpool 10 140213579929280 Starting new HTTPS connection (1): americas.api.riotgames.com:443
DEBUG 2025-07-18 00:19:53,206 connectionpool 10 140213579929280 https://americas.api.riotgames.com:443 "GET /lol/match/v5/matches/NA1_4751092848 HTTP/1.1" 200 None
INFO 2025-07-18 00:19:53,210 riot_api 10 140213579929280 Riot API response status: 200
INFO 2025-07-18 00:19:53,211 riot_api 10 140213579929280 Riot API response data keys: ['metadata', 'info']
INFO 2025-07-18 00:19:53,212 views 10 140213579929280 Match NA1_4751092848 has 10 participants
INFO 2025-07-18 00:19:53,220 views 10 140213579929280 Successfully created match NA1_4751092848
INFO 2025-07-18 00:19:53,221 views 10 140213579929280 Processing match 41/50: NA1_4751039106
INFO 2025-07-18 00:19:53,233 views 10 140213579929280 Fetching match details for NA1_4751039106
INFO 2025-07-18 00:19:53,234 riot_api 10 140213579929280 Making Riot API request to: https://americas.api.riotgames.com/lol/match/v5/matches/NA1_4751039106
DEBUG 2025-07-18 00:19:53,236 connectionpool 10 140213579929280 Starting new HTTPS connection (1): americas.api.riotgames.com:443
DEBUG 2025-07-18 00:19:53,499 connectionpool 10 140213579929280 https://americas.api.riotgames.com:443 "GET /lol/match/v5/matches/NA1_4751039106 HTTP/1.1" 200 None
INFO 2025-07-18 00:19:53,561 riot_api 10 140213579929280 Riot API response status: 200
INFO 2025-07-18 00:19:53,562 riot_api 10 140213579929280 Riot API response data keys: ['metadata', 'info']
INFO 2025-07-18 00:19:53,564 views 10 140213579929280 Match NA1_4751039106 has 10 participants
INFO 2025-07-18 00:19:53,570 views 10 140213579929280 Successfully created match NA1_4751039106
INFO 2025-07-18 00:19:53,570 views 10 140213579929280 Processing match 42/50: NA1_4751031992
INFO 2025-07-18 00:19:53,572 views 10 140213579929280 Fetching match details for NA1_4751031992
INFO 2025-07-18 00:19:53,572 riot_api 10 140213579929280 Making Riot API request to: https://americas.api.riotgames.com/lol/match/v5/matches/NA1_4751031992
DEBUG 2025-07-18 00:19:53,574 connectionpool 10 140213579929280 Starting new HTTPS connection (1): americas.api.riotgames.com:443
DEBUG 2025-07-18 00:19:54,081 connectionpool 10 140213579929280 https://americas.api.riotgames.com:443 "GET /lol/match/v5/matches/NA1_4751031992 HTTP/1.1" 200 None
INFO 2025-07-18 00:19:54,082 riot_api 10 140213579929280 Riot API response status: 200
INFO 2025-07-18 00:19:54,083 riot_api 10 140213579929280 Riot API response data keys: ['metadata', 'info']
INFO 2025-07-18 00:19:54,085 views 10 140213579929280 Match NA1_4751031992 has 10 participants
INFO 2025-07-18 00:19:54,098 views 10 140213579929280 Successfully created match NA1_4751031992
INFO 2025-07-18 00:19:54,098 views 10 140213579929280 Processing match 43/50: NA1_4750931222
INFO 2025-07-18 00:19:54,101 views 10 140213579929280 Fetching match details for NA1_4750931222
INFO 2025-07-18 00:19:54,101 riot_api 10 140213579929280 Making Riot API request to: https://americas.api.riotgames.com/lol/match/v5/matches/NA1_4750931222
DEBUG 2025-07-18 00:19:54,102 connectionpool 10 140213579929280 Starting new HTTPS connection (1): americas.api.riotgames.com:443
DEBUG 2025-07-18 00:19:54,390 connectionpool 10 140213579929280 https://americas.api.riotgames.com:443 "GET /lol/match/v5/matches/NA1_4750931222 HTTP/1.1" 200 None
INFO 2025-07-18 00:19:54,393 riot_api 10 140213579929280 Riot API response status: 200
INFO 2025-07-18 00:19:54,394 riot_api 10 140213579929280 Riot API response data keys: ['metadata', 'info']
INFO 2025-07-18 00:19:54,396 views 10 140213579929280 Match NA1_4750931222 has 10 participants
INFO 2025-07-18 00:19:54,402 views 10 140213579929280 Successfully created match NA1_4750931222
INFO 2025-07-18 00:19:54,402 views 10 140213579929280 Processing match 44/50: NA1_4750901716
INFO 2025-07-18 00:19:54,403 views 10 140213579929280 Fetching match details for NA1_4750901716
INFO 2025-07-18 00:19:54,405 riot_api 10 140213579929280 Making Riot API request to: https://americas.api.riotgames.com/lol/match/v5/matches/NA1_4750901716
DEBUG 2025-07-18 00:19:54,406 connectionpool 10 140213579929280 Starting new HTTPS connection (1): americas.api.riotgames.com:443
DEBUG 2025-07-18 00:19:54,694 connectionpool 10 140213579929280 https://americas.api.riotgames.com:443 "GET /lol/match/v5/matches/NA1_4750901716 HTTP/1.1" 200 None
INFO 2025-07-18 00:19:54,748 riot_api 10 140213579929280 Riot API response status: 200
INFO 2025-07-18 00:19:54,749 riot_api 10 140213579929280 Riot API response data keys: ['metadata', 'info']
INFO 2025-07-18 00:19:54,754 views 10 140213579929280 Match NA1_4750901716 has 10 participants
INFO 2025-07-18 00:19:54,761 views 10 140213579929280 Successfully created match NA1_4750901716
INFO 2025-07-18 00:19:54,763 views 10 140213579929280 Processing match 45/50: NA1_4750879525
INFO 2025-07-18 00:19:54,765 views 10 140213579929280 Fetching match details for NA1_4750879525
INFO 2025-07-18 00:19:54,765 riot_api 10 140213579929280 Making Riot API request to: https://americas.api.riotgames.com/lol/match/v5/matches/NA1_4750879525
DEBUG 2025-07-18 00:19:54,767 connectionpool 10 140213579929280 Starting new HTTPS connection (1): americas.api.riotgames.com:443
DEBUG 2025-07-18 00:19:55,102 connectionpool 10 140213579929280 https://americas.api.riotgames.com:443 "GET /lol/match/v5/matches/NA1_4750879525 HTTP/1.1" 200 None
INFO 2025-07-18 00:19:55,107 riot_api 10 140213579929280 Riot API response status: 200
INFO 2025-07-18 00:19:55,109 riot_api 10 140213579929280 Riot API response data keys: ['metadata', 'info']
INFO 2025-07-18 00:19:55,111 views 10 140213579929280 Match NA1_4750879525 has 10 participants
INFO 2025-07-18 00:19:55,121 views 10 140213579929280 Successfully created match NA1_4750879525
INFO 2025-07-18 00:19:55,127 views 10 140213579929280 Processing match 46/50: NA1_4750837020
INFO 2025-07-18 00:19:55,131 views 10 140213579929280 Fetching match details for NA1_4750837020
INFO 2025-07-18 00:19:55,134 riot_api 10 140213579929280 Making Riot API request to: https://americas.api.riotgames.com/lol/match/v5/matches/NA1_4750837020
DEBUG 2025-07-18 00:19:55,137 connectionpool 10 140213579929280 Starting new HTTPS connection (1): americas.api.riotgames.com:443
DEBUG 2025-07-18 00:19:55,408 connectionpool 10 140213579929280 https://americas.api.riotgames.com:443 "GET /lol/match/v5/matches/NA1_4750837020 HTTP/1.1" 200 None
INFO 2025-07-18 00:19:55,464 riot_api 10 140213579929280 Riot API response status: 200
INFO 2025-07-18 00:19:55,465 riot_api 10 140213579929280 Riot API response data keys: ['metadata', 'info']
INFO 2025-07-18 00:19:55,467 views 10 140213579929280 Match NA1_4750837020 has 10 participants
INFO 2025-07-18 00:19:55,473 views 10 140213579929280 Successfully created match NA1_4750837020
INFO 2025-07-18 00:19:55,474 views 10 140213579929280 Processing match 47/50: NA1_4737865763
INFO 2025-07-18 00:19:55,475 views 10 140213579929280 Fetching match details for NA1_4737865763
INFO 2025-07-18 00:19:55,477 riot_api 10 140213579929280 Making Riot API request to: https://americas.api.riotgames.com/lol/match/v5/matches/NA1_4737865763
DEBUG 2025-07-18 00:19:55,479 connectionpool 10 140213579929280 Starting new HTTPS connection (1): americas.api.riotgames.com:443
DEBUG 2025-07-18 00:19:55,803 connectionpool 10 140213579929280 https://americas.api.riotgames.com:443 "GET /lol/match/v5/matches/NA1_4737865763 HTTP/1.1" 200 None
INFO 2025-07-18 00:19:55,807 riot_api 10 140213579929280 Riot API response status: 200
INFO 2025-07-18 00:19:55,808 riot_api 10 140213579929280 Riot API response data keys: ['metadata', 'info']
INFO 2025-07-18 00:19:55,810 views 10 140213579929280 Match NA1_4737865763 has 10 participants
INFO 2025-07-18 00:19:55,815 views 10 140213579929280 Successfully created match NA1_4737865763
INFO 2025-07-18 00:19:55,816 views 10 140213579929280 Processing match 48/50: NA1_4737839431
INFO 2025-07-18 00:19:55,817 views 10 140213579929280 Fetching match details for NA1_4737839431
INFO 2025-07-18 00:19:55,822 riot_api 10 140213579929280 Making Riot API request to: https://americas.api.riotgames.com/lol/match/v5/matches/NA1_4737839431
DEBUG 2025-07-18 00:19:55,824 connectionpool 10 140213579929280 Starting new HTTPS connection (1): americas.api.riotgames.com:443
DEBUG 2025-07-18 00:19:56,158 connectionpool 10 140213579929280 https://americas.api.riotgames.com:443 "GET /lol/match/v5/matches/NA1_4737839431 HTTP/1.1" 200 None
INFO 2025-07-18 00:19:56,165 riot_api 10 140213579929280 Riot API response status: 200
INFO 2025-07-18 00:19:56,166 riot_api 10 140213579929280 Riot API response data keys: ['metadata', 'info']
INFO 2025-07-18 00:19:56,169 views 10 140213579929280 Match NA1_4737839431 has 10 participants
INFO 2025-07-18 00:19:56,174 views 10 140213579929280 Successfully created match NA1_4737839431
INFO 2025-07-18 00:19:56,174 views 10 140213579929280 Processing match 49/50: NA1_4737816585
INFO 2025-07-18 00:19:56,176 views 10 140213579929280 Fetching match details for NA1_4737816585
INFO 2025-07-18 00:19:56,177 riot_api 10 140213579929280 Making Riot API request to: https://americas.api.riotgames.com/lol/match/v5/matches/NA1_4737816585
DEBUG 2025-07-18 00:19:56,178 connectionpool 10 140213579929280 Starting new HTTPS connection (1): americas.api.riotgames.com:443
DEBUG 2025-07-18 00:19:56,457 connectionpool 10 140213579929280 https://americas.api.riotgames.com:443 "GET /lol/match/v5/matches/NA1_4737816585 HTTP/1.1" 200 None
INFO 2025-07-18 00:19:56,460 riot_api 10 140213579929280 Riot API response status: 200
INFO 2025-07-18 00:19:56,461 riot_api 10 140213579929280 Riot API response data keys: ['metadata', 'info']
INFO 2025-07-18 00:19:56,463 views 10 140213579929280 Match NA1_4737816585 has 8 participants
INFO 2025-07-18 00:19:56,467 views 10 140213579929280 Successfully created match NA1_4737816585
INFO 2025-07-18 00:19:56,468 views 10 140213579929280 Processing match 50/50: NA1_4737802413
INFO 2025-07-18 00:19:56,469 views 10 140213579929280 Fetching match details for NA1_4737802413
INFO 2025-07-18 00:19:56,469 riot_api 10 140213579929280 Making Riot API request to: https://americas.api.riotgames.com/lol/match/v5/matches/NA1_4737802413
DEBUG 2025-07-18 00:19:56,470 connectionpool 10 140213579929280 Starting new HTTPS connection (1): americas.api.riotgames.com:443
DEBUG 2025-07-18 00:19:56,766 connectionpool 10 140213579929280 https://americas.api.riotgames.com:443 "GET /lol/match/v5/matches/NA1_4737802413 HTTP/1.1" 200 None
INFO 2025-07-18 00:19:56,768 riot_api 10 140213579929280 Riot API response status: 200
INFO 2025-07-18 00:19:56,769 riot_api 10 140213579929280 Riot API response data keys: ['metadata', 'info']
INFO 2025-07-18 00:19:56,770 views 10 140213579929280 Match NA1_4737802413 has 8 participants
INFO 2025-07-18 00:19:56,775 views 10 140213579929280 Successfully created match NA1_4737802413
INFO 2025-07-18 00:19:56,786 views 10 140213579929280 Successfully processed 50 new matches
INFO 2025-07-18 00:19:56,788 basehttp 10 140213579929280 "POST /api/friends/add-by-riot-id/ HTTP/1.1" 201 339
INFO 2025-07-18 00:20:41,074 basehttp 10 140213588321984 "GET /api/friends/ HTTP/1.1" 200 1758
INFO 2025-07-18 00:20:41,160 basehttp 10 140213354493632 "GET /api/friends/ HTTP/1.1" 200 1758
INFO 2025-07-18 00:20:45,535 basehttp 10 140213579929280 "GET /api/tiles/ HTTP/1.1" 200 3368
INFO 2025-07-18 00:20:49,030 basehttp 10 140213354493632 "GET /api/tiles/ HTTP/1.1" 200 3368
INFO 2025-07-18 00:21:26,131 basehttp 10 140213354493632 "POST /api/tiles/ HTTP/1.1" 201 469
INFO 2025-07-18 00:21:46,494 basehttp 10 140213354493632 "POST /api/tiles/ HTTP/1.1" 201 444
INFO 2025-07-18 00:23:11,027 basehttp 10 140213354493632 "GET /api/tiles/ HTTP/1.1" 200 4283
INFO 2025-07-18 00:23:18,813 basehttp 10 140213579929280 "GET /api/tiles/ HTTP/1.1" 200 4283
INFO 2025-07-18 00:23:20,861 autoreload 10 140213667064704 /app/core/models.py changed, reloading.
INFO 2025-07-18 00:23:21,308 autoreload 21 140629023099776 Watching for file changes with StatReloader
ERROR 2025-07-18 00:23:23,802 log 21 140628935562944 Internal Server Error: /api/friends/
Traceback (most recent call last):
  File "/usr/local/lib/python3.11/site-packages/django/db/backends/utils.py", line 89, in _execute
    return self.cursor.execute(sql, params)
           ^^^^^^^^^^^^^^^^^^^^^^^^^^^^^^^^
psycopg2.errors.UndefinedColumn: column core_friend.date_from does not exist
LINE 1: ...re_friend"."region", "core_friend"."match_count", "core_frie...
                                                             ^


The above exception was the direct cause of the following exception:

Traceback (most recent call last):
  File "/usr/local/lib/python3.11/site-packages/django/core/handlers/exception.py", line 55, in inner
    response = get_response(request)
               ^^^^^^^^^^^^^^^^^^^^^
  File "/usr/local/lib/python3.11/site-packages/django/core/handlers/base.py", line 197, in _get_response
    response = wrapped_callback(request, *callback_args, **callback_kwargs)
               ^^^^^^^^^^^^^^^^^^^^^^^^^^^^^^^^^^^^^^^^^^^^^^^^^^^^^^^^^^^^
  File "/usr/local/lib/python3.11/site-packages/django/views/decorators/csrf.py", line 56, in wrapper_view
    return view_func(*args, **kwargs)
           ^^^^^^^^^^^^^^^^^^^^^^^^^^
  File "/usr/local/lib/python3.11/site-packages/django/views/generic/base.py", line 104, in view
    return self.dispatch(request, *args, **kwargs)
           ^^^^^^^^^^^^^^^^^^^^^^^^^^^^^^^^^^^^^^^
  File "/usr/local/lib/python3.11/site-packages/rest_framework/views.py", line 509, in dispatch
    response = self.handle_exception(exc)
               ^^^^^^^^^^^^^^^^^^^^^^^^^^
  File "/usr/local/lib/python3.11/site-packages/rest_framework/views.py", line 469, in handle_exception
    self.raise_uncaught_exception(exc)
  File "/usr/local/lib/python3.11/site-packages/rest_framework/views.py", line 480, in raise_uncaught_exception
    raise exc
  File "/usr/local/lib/python3.11/site-packages/rest_framework/views.py", line 506, in dispatch
    response = handler(request, *args, **kwargs)
               ^^^^^^^^^^^^^^^^^^^^^^^^^^^^^^^^^
  File "/usr/local/lib/python3.11/site-packages/rest_framework/generics.py", line 239, in get
    return self.list(request, *args, **kwargs)
           ^^^^^^^^^^^^^^^^^^^^^^^^^^^^^^^^^^^
  File "/usr/local/lib/python3.11/site-packages/rest_framework/mixins.py", line 40, in list
    page = self.paginate_queryset(queryset)
           ^^^^^^^^^^^^^^^^^^^^^^^^^^^^^^^^
  File "/usr/local/lib/python3.11/site-packages/rest_framework/generics.py", line 171, in paginate_queryset
    return self.paginator.paginate_queryset(queryset, self.request, view=self)
           ^^^^^^^^^^^^^^^^^^^^^^^^^^^^^^^^^^^^^^^^^^^^^^^^^^^^^^^^^^^^^^^^^^^
  File "/usr/local/lib/python3.11/site-packages/rest_framework/pagination.py", line 216, in paginate_queryset
    return list(self.page)
           ^^^^^^^^^^^^^^^
  File "/usr/local/lib/python3.11/site-packages/django/core/paginator.py", line 174, in __len__
    return len(self.object_list)
           ^^^^^^^^^^^^^^^^^^^^^
  File "/usr/local/lib/python3.11/site-packages/django/db/models/query.py", line 380, in __len__
    self._fetch_all()
  File "/usr/local/lib/python3.11/site-packages/django/db/models/query.py", line 1881, in _fetch_all
    self._result_cache = list(self._iterable_class(self))
                         ^^^^^^^^^^^^^^^^^^^^^^^^^^^^^^^^
  File "/usr/local/lib/python3.11/site-packages/django/db/models/query.py", line 91, in __iter__
    results = compiler.execute_sql(
              ^^^^^^^^^^^^^^^^^^^^^
  File "/usr/local/lib/python3.11/site-packages/django/db/models/sql/compiler.py", line 1562, in execute_sql
    cursor.execute(sql, params)
  File "/usr/local/lib/python3.11/site-packages/django/db/backends/utils.py", line 102, in execute
    return super().execute(sql, params)
           ^^^^^^^^^^^^^^^^^^^^^^^^^^^^
  File "/usr/local/lib/python3.11/site-packages/django/db/backends/utils.py", line 67, in execute
    return self._execute_with_wrappers(
           ^^^^^^^^^^^^^^^^^^^^^^^^^^^^
  File "/usr/local/lib/python3.11/site-packages/django/db/backends/utils.py", line 80, in _execute_with_wrappers
    return executor(sql, params, many, context)
           ^^^^^^^^^^^^^^^^^^^^^^^^^^^^^^^^^^^^
  File "/usr/local/lib/python3.11/site-packages/django/db/backends/utils.py", line 84, in _execute
    with self.db.wrap_database_errors:
  File "/usr/local/lib/python3.11/site-packages/django/db/utils.py", line 91, in __exit__
    raise dj_exc_value.with_traceback(traceback) from exc_value
  File "/usr/local/lib/python3.11/site-packages/django/db/backends/utils.py", line 89, in _execute
    return self.cursor.execute(sql, params)
           ^^^^^^^^^^^^^^^^^^^^^^^^^^^^^^^^
django.db.utils.ProgrammingError: column core_friend.date_from does not exist
LINE 1: ...re_friend"."region", "core_friend"."match_count", "core_frie...
                                                             ^

ERROR 2025-07-18 00:23:23,803 log 21 140628943955648 Internal Server Error: /api/tiles/
Traceback (most recent call last):
  File "/usr/local/lib/python3.11/site-packages/django/db/backends/utils.py", line 89, in _execute
    return self.cursor.execute(sql, params)
           ^^^^^^^^^^^^^^^^^^^^^^^^^^^^^^^^
psycopg2.errors.UndefinedColumn: column core_friend.date_from does not exist
LINE 1: ...re_friend"."region", "core_friend"."match_count", "core_frie...
                                                             ^


The above exception was the direct cause of the following exception:

Traceback (most recent call last):
  File "/usr/local/lib/python3.11/site-packages/django/core/handlers/exception.py", line 55, in inner
    response = get_response(request)
               ^^^^^^^^^^^^^^^^^^^^^
  File "/usr/local/lib/python3.11/site-packages/django/core/handlers/base.py", line 197, in _get_response
    response = wrapped_callback(request, *callback_args, **callback_kwargs)
               ^^^^^^^^^^^^^^^^^^^^^^^^^^^^^^^^^^^^^^^^^^^^^^^^^^^^^^^^^^^^
  File "/usr/local/lib/python3.11/site-packages/django/views/decorators/csrf.py", line 56, in wrapper_view
    return view_func(*args, **kwargs)
           ^^^^^^^^^^^^^^^^^^^^^^^^^^
  File "/usr/local/lib/python3.11/site-packages/django/views/generic/base.py", line 104, in view
    return self.dispatch(request, *args, **kwargs)
           ^^^^^^^^^^^^^^^^^^^^^^^^^^^^^^^^^^^^^^^
  File "/usr/local/lib/python3.11/site-packages/rest_framework/views.py", line 509, in dispatch
    response = self.handle_exception(exc)
               ^^^^^^^^^^^^^^^^^^^^^^^^^^
  File "/usr/local/lib/python3.11/site-packages/rest_framework/views.py", line 469, in handle_exception
    self.raise_uncaught_exception(exc)
  File "/usr/local/lib/python3.11/site-packages/rest_framework/views.py", line 480, in raise_uncaught_exception
    raise exc
  File "/usr/local/lib/python3.11/site-packages/rest_framework/views.py", line 506, in dispatch
    response = handler(request, *args, **kwargs)
               ^^^^^^^^^^^^^^^^^^^^^^^^^^^^^^^^^
  File "/usr/local/lib/python3.11/site-packages/rest_framework/generics.py", line 239, in get
    return self.list(request, *args, **kwargs)
           ^^^^^^^^^^^^^^^^^^^^^^^^^^^^^^^^^^^
  File "/usr/local/lib/python3.11/site-packages/rest_framework/mixins.py", line 43, in list
    return self.get_paginated_response(serializer.data)
                                       ^^^^^^^^^^^^^^^
  File "/usr/local/lib/python3.11/site-packages/rest_framework/serializers.py", line 768, in data
    ret = super().data
          ^^^^^^^^^^^^
  File "/usr/local/lib/python3.11/site-packages/rest_framework/serializers.py", line 253, in data
    self._data = self.to_representation(self.instance)
                 ^^^^^^^^^^^^^^^^^^^^^^^^^^^^^^^^^^^^^
  File "/usr/local/lib/python3.11/site-packages/rest_framework/serializers.py", line 686, in to_representation
    return [
           ^
  File "/usr/local/lib/python3.11/site-packages/rest_framework/serializers.py", line 687, in <listcomp>
    self.child.to_representation(item) for item in iterable
    ^^^^^^^^^^^^^^^^^^^^^^^^^^^^^^^^^^
  File "/usr/local/lib/python3.11/site-packages/rest_framework/serializers.py", line 522, in to_representation
    ret[field.field_name] = field.to_representation(attribute)
                            ^^^^^^^^^^^^^^^^^^^^^^^^^^^^^^^^^^
  File "/usr/local/lib/python3.11/site-packages/rest_framework/serializers.py", line 686, in to_representation
    return [
           ^
  File "/usr/local/lib/python3.11/site-packages/django/db/models/query.py", line 398, in __iter__
    self._fetch_all()
  File "/usr/local/lib/python3.11/site-packages/django/db/models/query.py", line 1881, in _fetch_all
    self._result_cache = list(self._iterable_class(self))
                         ^^^^^^^^^^^^^^^^^^^^^^^^^^^^^^^^
  File "/usr/local/lib/python3.11/site-packages/django/db/models/query.py", line 91, in __iter__
    results = compiler.execute_sql(
              ^^^^^^^^^^^^^^^^^^^^^
  File "/usr/local/lib/python3.11/site-packages/django/db/models/sql/compiler.py", line 1562, in execute_sql
    cursor.execute(sql, params)
  File "/usr/local/lib/python3.11/site-packages/django/db/backends/utils.py", line 102, in execute
    return super().execute(sql, params)
           ^^^^^^^^^^^^^^^^^^^^^^^^^^^^
  File "/usr/local/lib/python3.11/site-packages/django/db/backends/utils.py", line 67, in execute
    return self._execute_with_wrappers(
           ^^^^^^^^^^^^^^^^^^^^^^^^^^^^
  File "/usr/local/lib/python3.11/site-packages/django/db/backends/utils.py", line 80, in _execute_with_wrappers
    return executor(sql, params, many, context)
           ^^^^^^^^^^^^^^^^^^^^^^^^^^^^^^^^^^^^
  File "/usr/local/lib/python3.11/site-packages/django/db/backends/utils.py", line 84, in _execute
    with self.db.wrap_database_errors:
  File "/usr/local/lib/python3.11/site-packages/django/db/utils.py", line 91, in __exit__
    raise dj_exc_value.with_traceback(traceback) from exc_value
  File "/usr/local/lib/python3.11/site-packages/django/db/backends/utils.py", line 89, in _execute
    return self.cursor.execute(sql, params)
           ^^^^^^^^^^^^^^^^^^^^^^^^^^^^^^^^
django.db.utils.ProgrammingError: column core_friend.date_from does not exist
LINE 1: ...re_friend"."region", "core_friend"."match_count", "core_frie...
                                                             ^

ERROR 2025-07-18 00:23:23,807 basehttp 21 140628935562944 "GET /api/friends/ HTTP/1.1" 500 163649
ERROR 2025-07-18 00:23:23,810 basehttp 21 140628943955648 "GET /api/tiles/ HTTP/1.1" 500 181633
ERROR 2025-07-18 00:23:23,897 log 21 140628925073088 Internal Server Error: /api/friends/
Traceback (most recent call last):
  File "/usr/local/lib/python3.11/site-packages/django/db/backends/utils.py", line 89, in _execute
    return self.cursor.execute(sql, params)
           ^^^^^^^^^^^^^^^^^^^^^^^^^^^^^^^^
psycopg2.errors.UndefinedColumn: column core_friend.date_from does not exist
LINE 1: ...re_friend"."region", "core_friend"."match_count", "core_frie...
                                                             ^


The above exception was the direct cause of the following exception:

Traceback (most recent call last):
  File "/usr/local/lib/python3.11/site-packages/django/core/handlers/exception.py", line 55, in inner
    response = get_response(request)
               ^^^^^^^^^^^^^^^^^^^^^
  File "/usr/local/lib/python3.11/site-packages/django/core/handlers/base.py", line 197, in _get_response
    response = wrapped_callback(request, *callback_args, **callback_kwargs)
               ^^^^^^^^^^^^^^^^^^^^^^^^^^^^^^^^^^^^^^^^^^^^^^^^^^^^^^^^^^^^
  File "/usr/local/lib/python3.11/site-packages/django/views/decorators/csrf.py", line 56, in wrapper_view
    return view_func(*args, **kwargs)
           ^^^^^^^^^^^^^^^^^^^^^^^^^^
  File "/usr/local/lib/python3.11/site-packages/django/views/generic/base.py", line 104, in view
    return self.dispatch(request, *args, **kwargs)
           ^^^^^^^^^^^^^^^^^^^^^^^^^^^^^^^^^^^^^^^
  File "/usr/local/lib/python3.11/site-packages/rest_framework/views.py", line 509, in dispatch
    response = self.handle_exception(exc)
               ^^^^^^^^^^^^^^^^^^^^^^^^^^
  File "/usr/local/lib/python3.11/site-packages/rest_framework/views.py", line 469, in handle_exception
    self.raise_uncaught_exception(exc)
  File "/usr/local/lib/python3.11/site-packages/rest_framework/views.py", line 480, in raise_uncaught_exception
    raise exc
  File "/usr/local/lib/python3.11/site-packages/rest_framework/views.py", line 506, in dispatch
    response = handler(request, *args, **kwargs)
               ^^^^^^^^^^^^^^^^^^^^^^^^^^^^^^^^^
  File "/usr/local/lib/python3.11/site-packages/rest_framework/generics.py", line 239, in get
    return self.list(request, *args, **kwargs)
           ^^^^^^^^^^^^^^^^^^^^^^^^^^^^^^^^^^^
  File "/usr/local/lib/python3.11/site-packages/rest_framework/mixins.py", line 40, in list
    page = self.paginate_queryset(queryset)
           ^^^^^^^^^^^^^^^^^^^^^^^^^^^^^^^^
  File "/usr/local/lib/python3.11/site-packages/rest_framework/generics.py", line 171, in paginate_queryset
    return self.paginator.paginate_queryset(queryset, self.request, view=self)
           ^^^^^^^^^^^^^^^^^^^^^^^^^^^^^^^^^^^^^^^^^^^^^^^^^^^^^^^^^^^^^^^^^^^
  File "/usr/local/lib/python3.11/site-packages/rest_framework/pagination.py", line 216, in paginate_queryset
    return list(self.page)
           ^^^^^^^^^^^^^^^
  File "/usr/local/lib/python3.11/site-packages/django/core/paginator.py", line 174, in __len__
    return len(self.object_list)
           ^^^^^^^^^^^^^^^^^^^^^
  File "/usr/local/lib/python3.11/site-packages/django/db/models/query.py", line 380, in __len__
    self._fetch_all()
  File "/usr/local/lib/python3.11/site-packages/django/db/models/query.py", line 1881, in _fetch_all
    self._result_cache = list(self._iterable_class(self))
                         ^^^^^^^^^^^^^^^^^^^^^^^^^^^^^^^^
  File "/usr/local/lib/python3.11/site-packages/django/db/models/query.py", line 91, in __iter__
    results = compiler.execute_sql(
              ^^^^^^^^^^^^^^^^^^^^^
  File "/usr/local/lib/python3.11/site-packages/django/db/models/sql/compiler.py", line 1562, in execute_sql
    cursor.execute(sql, params)
  File "/usr/local/lib/python3.11/site-packages/django/db/backends/utils.py", line 102, in execute
    return super().execute(sql, params)
           ^^^^^^^^^^^^^^^^^^^^^^^^^^^^
  File "/usr/local/lib/python3.11/site-packages/django/db/backends/utils.py", line 67, in execute
    return self._execute_with_wrappers(
           ^^^^^^^^^^^^^^^^^^^^^^^^^^^^
  File "/usr/local/lib/python3.11/site-packages/django/db/backends/utils.py", line 80, in _execute_with_wrappers
    return executor(sql, params, many, context)
           ^^^^^^^^^^^^^^^^^^^^^^^^^^^^^^^^^^^^
  File "/usr/local/lib/python3.11/site-packages/django/db/backends/utils.py", line 84, in _execute
    with self.db.wrap_database_errors:
  File "/usr/local/lib/python3.11/site-packages/django/db/utils.py", line 91, in __exit__
    raise dj_exc_value.with_traceback(traceback) from exc_value
  File "/usr/local/lib/python3.11/site-packages/django/db/backends/utils.py", line 89, in _execute
    return self.cursor.execute(sql, params)
           ^^^^^^^^^^^^^^^^^^^^^^^^^^^^^^^^
django.db.utils.ProgrammingError: column core_friend.date_from does not exist
LINE 1: ...re_friend"."region", "core_friend"."match_count", "core_frie...
                                                             ^

ERROR 2025-07-18 00:23:23,902 basehttp 21 140628925073088 "GET /api/friends/ HTTP/1.1" 500 163649
ERROR 2025-07-18 00:23:23,960 log 21 140628935562944 Internal Server Error: /api/tiles/
Traceback (most recent call last):
  File "/usr/local/lib/python3.11/site-packages/django/db/backends/utils.py", line 89, in _execute
    return self.cursor.execute(sql, params)
           ^^^^^^^^^^^^^^^^^^^^^^^^^^^^^^^^
psycopg2.errors.UndefinedColumn: column core_friend.date_from does not exist
LINE 1: ...re_friend"."region", "core_friend"."match_count", "core_frie...
                                                             ^


The above exception was the direct cause of the following exception:

Traceback (most recent call last):
  File "/usr/local/lib/python3.11/site-packages/django/core/handlers/exception.py", line 55, in inner
    response = get_response(request)
               ^^^^^^^^^^^^^^^^^^^^^
  File "/usr/local/lib/python3.11/site-packages/django/core/handlers/base.py", line 197, in _get_response
    response = wrapped_callback(request, *callback_args, **callback_kwargs)
               ^^^^^^^^^^^^^^^^^^^^^^^^^^^^^^^^^^^^^^^^^^^^^^^^^^^^^^^^^^^^
  File "/usr/local/lib/python3.11/site-packages/django/views/decorators/csrf.py", line 56, in wrapper_view
    return view_func(*args, **kwargs)
           ^^^^^^^^^^^^^^^^^^^^^^^^^^
  File "/usr/local/lib/python3.11/site-packages/django/views/generic/base.py", line 104, in view
    return self.dispatch(request, *args, **kwargs)
           ^^^^^^^^^^^^^^^^^^^^^^^^^^^^^^^^^^^^^^^
  File "/usr/local/lib/python3.11/site-packages/rest_framework/views.py", line 509, in dispatch
    response = self.handle_exception(exc)
               ^^^^^^^^^^^^^^^^^^^^^^^^^^
  File "/usr/local/lib/python3.11/site-packages/rest_framework/views.py", line 469, in handle_exception
    self.raise_uncaught_exception(exc)
  File "/usr/local/lib/python3.11/site-packages/rest_framework/views.py", line 480, in raise_uncaught_exception
    raise exc
  File "/usr/local/lib/python3.11/site-packages/rest_framework/views.py", line 506, in dispatch
    response = handler(request, *args, **kwargs)
               ^^^^^^^^^^^^^^^^^^^^^^^^^^^^^^^^^
  File "/usr/local/lib/python3.11/site-packages/rest_framework/generics.py", line 239, in get
    return self.list(request, *args, **kwargs)
           ^^^^^^^^^^^^^^^^^^^^^^^^^^^^^^^^^^^
  File "/usr/local/lib/python3.11/site-packages/rest_framework/mixins.py", line 43, in list
    return self.get_paginated_response(serializer.data)
                                       ^^^^^^^^^^^^^^^
  File "/usr/local/lib/python3.11/site-packages/rest_framework/serializers.py", line 768, in data
    ret = super().data
          ^^^^^^^^^^^^
  File "/usr/local/lib/python3.11/site-packages/rest_framework/serializers.py", line 253, in data
    self._data = self.to_representation(self.instance)
                 ^^^^^^^^^^^^^^^^^^^^^^^^^^^^^^^^^^^^^
  File "/usr/local/lib/python3.11/site-packages/rest_framework/serializers.py", line 686, in to_representation
    return [
           ^
  File "/usr/local/lib/python3.11/site-packages/rest_framework/serializers.py", line 687, in <listcomp>
    self.child.to_representation(item) for item in iterable
    ^^^^^^^^^^^^^^^^^^^^^^^^^^^^^^^^^^
  File "/usr/local/lib/python3.11/site-packages/rest_framework/serializers.py", line 522, in to_representation
    ret[field.field_name] = field.to_representation(attribute)
                            ^^^^^^^^^^^^^^^^^^^^^^^^^^^^^^^^^^
  File "/usr/local/lib/python3.11/site-packages/rest_framework/serializers.py", line 686, in to_representation
    return [
           ^
  File "/usr/local/lib/python3.11/site-packages/django/db/models/query.py", line 398, in __iter__
    self._fetch_all()
  File "/usr/local/lib/python3.11/site-packages/django/db/models/query.py", line 1881, in _fetch_all
    self._result_cache = list(self._iterable_class(self))
                         ^^^^^^^^^^^^^^^^^^^^^^^^^^^^^^^^
  File "/usr/local/lib/python3.11/site-packages/django/db/models/query.py", line 91, in __iter__
    results = compiler.execute_sql(
              ^^^^^^^^^^^^^^^^^^^^^
  File "/usr/local/lib/python3.11/site-packages/django/db/models/sql/compiler.py", line 1562, in execute_sql
    cursor.execute(sql, params)
  File "/usr/local/lib/python3.11/site-packages/django/db/backends/utils.py", line 102, in execute
    return super().execute(sql, params)
           ^^^^^^^^^^^^^^^^^^^^^^^^^^^^
  File "/usr/local/lib/python3.11/site-packages/django/db/backends/utils.py", line 67, in execute
    return self._execute_with_wrappers(
           ^^^^^^^^^^^^^^^^^^^^^^^^^^^^
  File "/usr/local/lib/python3.11/site-packages/django/db/backends/utils.py", line 80, in _execute_with_wrappers
    return executor(sql, params, many, context)
           ^^^^^^^^^^^^^^^^^^^^^^^^^^^^^^^^^^^^
  File "/usr/local/lib/python3.11/site-packages/django/db/backends/utils.py", line 84, in _execute
    with self.db.wrap_database_errors:
  File "/usr/local/lib/python3.11/site-packages/django/db/utils.py", line 91, in __exit__
    raise dj_exc_value.with_traceback(traceback) from exc_value
  File "/usr/local/lib/python3.11/site-packages/django/db/backends/utils.py", line 89, in _execute
    return self.cursor.execute(sql, params)
           ^^^^^^^^^^^^^^^^^^^^^^^^^^^^^^^^
django.db.utils.ProgrammingError: column core_friend.date_from does not exist
LINE 1: ...re_friend"."region", "core_friend"."match_count", "core_frie...
                                                             ^

ERROR 2025-07-18 00:23:23,963 basehttp 21 140628935562944 "GET /api/tiles/ HTTP/1.1" 500 181633
ERROR 2025-07-18 00:23:28,772 log 21 140628935562944 Internal Server Error: /api/friends/
Traceback (most recent call last):
  File "/usr/local/lib/python3.11/site-packages/django/db/backends/utils.py", line 89, in _execute
    return self.cursor.execute(sql, params)
           ^^^^^^^^^^^^^^^^^^^^^^^^^^^^^^^^
psycopg2.errors.UndefinedColumn: column core_friend.date_from does not exist
LINE 1: ...re_friend"."region", "core_friend"."match_count", "core_frie...
                                                             ^


The above exception was the direct cause of the following exception:

Traceback (most recent call last):
  File "/usr/local/lib/python3.11/site-packages/django/core/handlers/exception.py", line 55, in inner
    response = get_response(request)
               ^^^^^^^^^^^^^^^^^^^^^
  File "/usr/local/lib/python3.11/site-packages/django/core/handlers/base.py", line 197, in _get_response
    response = wrapped_callback(request, *callback_args, **callback_kwargs)
               ^^^^^^^^^^^^^^^^^^^^^^^^^^^^^^^^^^^^^^^^^^^^^^^^^^^^^^^^^^^^
  File "/usr/local/lib/python3.11/site-packages/django/views/decorators/csrf.py", line 56, in wrapper_view
    return view_func(*args, **kwargs)
           ^^^^^^^^^^^^^^^^^^^^^^^^^^
  File "/usr/local/lib/python3.11/site-packages/django/views/generic/base.py", line 104, in view
    return self.dispatch(request, *args, **kwargs)
           ^^^^^^^^^^^^^^^^^^^^^^^^^^^^^^^^^^^^^^^
  File "/usr/local/lib/python3.11/site-packages/rest_framework/views.py", line 509, in dispatch
    response = self.handle_exception(exc)
               ^^^^^^^^^^^^^^^^^^^^^^^^^^
  File "/usr/local/lib/python3.11/site-packages/rest_framework/views.py", line 469, in handle_exception
    self.raise_uncaught_exception(exc)
  File "/usr/local/lib/python3.11/site-packages/rest_framework/views.py", line 480, in raise_uncaught_exception
    raise exc
  File "/usr/local/lib/python3.11/site-packages/rest_framework/views.py", line 506, in dispatch
    response = handler(request, *args, **kwargs)
               ^^^^^^^^^^^^^^^^^^^^^^^^^^^^^^^^^
  File "/usr/local/lib/python3.11/site-packages/rest_framework/generics.py", line 239, in get
    return self.list(request, *args, **kwargs)
           ^^^^^^^^^^^^^^^^^^^^^^^^^^^^^^^^^^^
  File "/usr/local/lib/python3.11/site-packages/rest_framework/mixins.py", line 40, in list
    page = self.paginate_queryset(queryset)
           ^^^^^^^^^^^^^^^^^^^^^^^^^^^^^^^^
  File "/usr/local/lib/python3.11/site-packages/rest_framework/generics.py", line 171, in paginate_queryset
    return self.paginator.paginate_queryset(queryset, self.request, view=self)
           ^^^^^^^^^^^^^^^^^^^^^^^^^^^^^^^^^^^^^^^^^^^^^^^^^^^^^^^^^^^^^^^^^^^
  File "/usr/local/lib/python3.11/site-packages/rest_framework/pagination.py", line 216, in paginate_queryset
    return list(self.page)
           ^^^^^^^^^^^^^^^
  File "/usr/local/lib/python3.11/site-packages/django/core/paginator.py", line 174, in __len__
    return len(self.object_list)
           ^^^^^^^^^^^^^^^^^^^^^
  File "/usr/local/lib/python3.11/site-packages/django/db/models/query.py", line 380, in __len__
    self._fetch_all()
  File "/usr/local/lib/python3.11/site-packages/django/db/models/query.py", line 1881, in _fetch_all
    self._result_cache = list(self._iterable_class(self))
                         ^^^^^^^^^^^^^^^^^^^^^^^^^^^^^^^^
  File "/usr/local/lib/python3.11/site-packages/django/db/models/query.py", line 91, in __iter__
    results = compiler.execute_sql(
              ^^^^^^^^^^^^^^^^^^^^^
  File "/usr/local/lib/python3.11/site-packages/django/db/models/sql/compiler.py", line 1562, in execute_sql
    cursor.execute(sql, params)
  File "/usr/local/lib/python3.11/site-packages/django/db/backends/utils.py", line 102, in execute
    return super().execute(sql, params)
           ^^^^^^^^^^^^^^^^^^^^^^^^^^^^
  File "/usr/local/lib/python3.11/site-packages/django/db/backends/utils.py", line 67, in execute
    return self._execute_with_wrappers(
           ^^^^^^^^^^^^^^^^^^^^^^^^^^^^
  File "/usr/local/lib/python3.11/site-packages/django/db/backends/utils.py", line 80, in _execute_with_wrappers
    return executor(sql, params, many, context)
           ^^^^^^^^^^^^^^^^^^^^^^^^^^^^^^^^^^^^
  File "/usr/local/lib/python3.11/site-packages/django/db/backends/utils.py", line 84, in _execute
    with self.db.wrap_database_errors:
  File "/usr/local/lib/python3.11/site-packages/django/db/utils.py", line 91, in __exit__
    raise dj_exc_value.with_traceback(traceback) from exc_value
  File "/usr/local/lib/python3.11/site-packages/django/db/backends/utils.py", line 89, in _execute
    return self.cursor.execute(sql, params)
           ^^^^^^^^^^^^^^^^^^^^^^^^^^^^^^^^
django.db.utils.ProgrammingError: column core_friend.date_from does not exist
LINE 1: ...re_friend"."region", "core_friend"."match_count", "core_frie...
                                                             ^

ERROR 2025-07-18 00:23:28,777 basehttp 21 140628935562944 "GET /api/friends/ HTTP/1.1" 500 163649
ERROR 2025-07-18 00:23:28,844 log 21 140628925073088 Internal Server Error: /api/friends/
Traceback (most recent call last):
  File "/usr/local/lib/python3.11/site-packages/django/db/backends/utils.py", line 89, in _execute
    return self.cursor.execute(sql, params)
           ^^^^^^^^^^^^^^^^^^^^^^^^^^^^^^^^
psycopg2.errors.UndefinedColumn: column core_friend.date_from does not exist
LINE 1: ...re_friend"."region", "core_friend"."match_count", "core_frie...
                                                             ^


The above exception was the direct cause of the following exception:

Traceback (most recent call last):
  File "/usr/local/lib/python3.11/site-packages/django/core/handlers/exception.py", line 55, in inner
    response = get_response(request)
               ^^^^^^^^^^^^^^^^^^^^^
  File "/usr/local/lib/python3.11/site-packages/django/core/handlers/base.py", line 197, in _get_response
    response = wrapped_callback(request, *callback_args, **callback_kwargs)
               ^^^^^^^^^^^^^^^^^^^^^^^^^^^^^^^^^^^^^^^^^^^^^^^^^^^^^^^^^^^^
  File "/usr/local/lib/python3.11/site-packages/django/views/decorators/csrf.py", line 56, in wrapper_view
    return view_func(*args, **kwargs)
           ^^^^^^^^^^^^^^^^^^^^^^^^^^
  File "/usr/local/lib/python3.11/site-packages/django/views/generic/base.py", line 104, in view
    return self.dispatch(request, *args, **kwargs)
           ^^^^^^^^^^^^^^^^^^^^^^^^^^^^^^^^^^^^^^^
  File "/usr/local/lib/python3.11/site-packages/rest_framework/views.py", line 509, in dispatch
    response = self.handle_exception(exc)
               ^^^^^^^^^^^^^^^^^^^^^^^^^^
  File "/usr/local/lib/python3.11/site-packages/rest_framework/views.py", line 469, in handle_exception
    self.raise_uncaught_exception(exc)
  File "/usr/local/lib/python3.11/site-packages/rest_framework/views.py", line 480, in raise_uncaught_exception
    raise exc
  File "/usr/local/lib/python3.11/site-packages/rest_framework/views.py", line 506, in dispatch
    response = handler(request, *args, **kwargs)
               ^^^^^^^^^^^^^^^^^^^^^^^^^^^^^^^^^
  File "/usr/local/lib/python3.11/site-packages/rest_framework/generics.py", line 239, in get
    return self.list(request, *args, **kwargs)
           ^^^^^^^^^^^^^^^^^^^^^^^^^^^^^^^^^^^
  File "/usr/local/lib/python3.11/site-packages/rest_framework/mixins.py", line 40, in list
    page = self.paginate_queryset(queryset)
           ^^^^^^^^^^^^^^^^^^^^^^^^^^^^^^^^
  File "/usr/local/lib/python3.11/site-packages/rest_framework/generics.py", line 171, in paginate_queryset
    return self.paginator.paginate_queryset(queryset, self.request, view=self)
           ^^^^^^^^^^^^^^^^^^^^^^^^^^^^^^^^^^^^^^^^^^^^^^^^^^^^^^^^^^^^^^^^^^^
  File "/usr/local/lib/python3.11/site-packages/rest_framework/pagination.py", line 216, in paginate_queryset
    return list(self.page)
           ^^^^^^^^^^^^^^^
  File "/usr/local/lib/python3.11/site-packages/django/core/paginator.py", line 174, in __len__
    return len(self.object_list)
           ^^^^^^^^^^^^^^^^^^^^^
  File "/usr/local/lib/python3.11/site-packages/django/db/models/query.py", line 380, in __len__
    self._fetch_all()
  File "/usr/local/lib/python3.11/site-packages/django/db/models/query.py", line 1881, in _fetch_all
    self._result_cache = list(self._iterable_class(self))
                         ^^^^^^^^^^^^^^^^^^^^^^^^^^^^^^^^
  File "/usr/local/lib/python3.11/site-packages/django/db/models/query.py", line 91, in __iter__
    results = compiler.execute_sql(
              ^^^^^^^^^^^^^^^^^^^^^
  File "/usr/local/lib/python3.11/site-packages/django/db/models/sql/compiler.py", line 1562, in execute_sql
    cursor.execute(sql, params)
  File "/usr/local/lib/python3.11/site-packages/django/db/backends/utils.py", line 102, in execute
    return super().execute(sql, params)
           ^^^^^^^^^^^^^^^^^^^^^^^^^^^^
  File "/usr/local/lib/python3.11/site-packages/django/db/backends/utils.py", line 67, in execute
    return self._execute_with_wrappers(
           ^^^^^^^^^^^^^^^^^^^^^^^^^^^^
  File "/usr/local/lib/python3.11/site-packages/django/db/backends/utils.py", line 80, in _execute_with_wrappers
    return executor(sql, params, many, context)
           ^^^^^^^^^^^^^^^^^^^^^^^^^^^^^^^^^^^^
  File "/usr/local/lib/python3.11/site-packages/django/db/backends/utils.py", line 84, in _execute
    with self.db.wrap_database_errors:
  File "/usr/local/lib/python3.11/site-packages/django/db/utils.py", line 91, in __exit__
    raise dj_exc_value.with_traceback(traceback) from exc_value
  File "/usr/local/lib/python3.11/site-packages/django/db/backends/utils.py", line 89, in _execute
    return self.cursor.execute(sql, params)
           ^^^^^^^^^^^^^^^^^^^^^^^^^^^^^^^^
django.db.utils.ProgrammingError: column core_friend.date_from does not exist
LINE 1: ...re_friend"."region", "core_friend"."match_count", "core_frie...
                                                             ^

ERROR 2025-07-18 00:23:28,847 basehttp 21 140628925073088 "GET /api/friends/ HTTP/1.1" 500 163649
INFO 2025-07-18 00:23:30,581 autoreload 21 140629023099776 /app/api/serializers.py changed, reloading.
INFO 2025-07-18 00:23:31,062 autoreload 27 139621382695808 Watching for file changes with StatReloader
ERROR 2025-07-18 00:23:32,625 log 27 139621304362688 Internal Server Error: /api/tiles/
Traceback (most recent call last):
  File "/usr/local/lib/python3.11/site-packages/django/db/backends/utils.py", line 89, in _execute
    return self.cursor.execute(sql, params)
           ^^^^^^^^^^^^^^^^^^^^^^^^^^^^^^^^
psycopg2.errors.UndefinedColumn: column core_friend.date_from does not exist
LINE 1: ...re_friend"."region", "core_friend"."match_count", "core_frie...
                                                             ^


The above exception was the direct cause of the following exception:

Traceback (most recent call last):
  File "/usr/local/lib/python3.11/site-packages/django/core/handlers/exception.py", line 55, in inner
    response = get_response(request)
               ^^^^^^^^^^^^^^^^^^^^^
  File "/usr/local/lib/python3.11/site-packages/django/core/handlers/base.py", line 197, in _get_response
    response = wrapped_callback(request, *callback_args, **callback_kwargs)
               ^^^^^^^^^^^^^^^^^^^^^^^^^^^^^^^^^^^^^^^^^^^^^^^^^^^^^^^^^^^^
  File "/usr/local/lib/python3.11/site-packages/django/views/decorators/csrf.py", line 56, in wrapper_view
    return view_func(*args, **kwargs)
           ^^^^^^^^^^^^^^^^^^^^^^^^^^
  File "/usr/local/lib/python3.11/site-packages/django/views/generic/base.py", line 104, in view
    return self.dispatch(request, *args, **kwargs)
           ^^^^^^^^^^^^^^^^^^^^^^^^^^^^^^^^^^^^^^^
  File "/usr/local/lib/python3.11/site-packages/rest_framework/views.py", line 509, in dispatch
    response = self.handle_exception(exc)
               ^^^^^^^^^^^^^^^^^^^^^^^^^^
  File "/usr/local/lib/python3.11/site-packages/rest_framework/views.py", line 469, in handle_exception
    self.raise_uncaught_exception(exc)
  File "/usr/local/lib/python3.11/site-packages/rest_framework/views.py", line 480, in raise_uncaught_exception
    raise exc
  File "/usr/local/lib/python3.11/site-packages/rest_framework/views.py", line 506, in dispatch
    response = handler(request, *args, **kwargs)
               ^^^^^^^^^^^^^^^^^^^^^^^^^^^^^^^^^
  File "/usr/local/lib/python3.11/site-packages/rest_framework/generics.py", line 239, in get
    return self.list(request, *args, **kwargs)
           ^^^^^^^^^^^^^^^^^^^^^^^^^^^^^^^^^^^
  File "/usr/local/lib/python3.11/site-packages/rest_framework/mixins.py", line 43, in list
    return self.get_paginated_response(serializer.data)
                                       ^^^^^^^^^^^^^^^
  File "/usr/local/lib/python3.11/site-packages/rest_framework/serializers.py", line 768, in data
    ret = super().data
          ^^^^^^^^^^^^
  File "/usr/local/lib/python3.11/site-packages/rest_framework/serializers.py", line 253, in data
    self._data = self.to_representation(self.instance)
                 ^^^^^^^^^^^^^^^^^^^^^^^^^^^^^^^^^^^^^
  File "/usr/local/lib/python3.11/site-packages/rest_framework/serializers.py", line 686, in to_representation
    return [
           ^
  File "/usr/local/lib/python3.11/site-packages/rest_framework/serializers.py", line 687, in <listcomp>
    self.child.to_representation(item) for item in iterable
    ^^^^^^^^^^^^^^^^^^^^^^^^^^^^^^^^^^
  File "/usr/local/lib/python3.11/site-packages/rest_framework/serializers.py", line 522, in to_representation
    ret[field.field_name] = field.to_representation(attribute)
                            ^^^^^^^^^^^^^^^^^^^^^^^^^^^^^^^^^^
  File "/usr/local/lib/python3.11/site-packages/rest_framework/serializers.py", line 686, in to_representation
    return [
           ^
  File "/usr/local/lib/python3.11/site-packages/django/db/models/query.py", line 398, in __iter__
    self._fetch_all()
  File "/usr/local/lib/python3.11/site-packages/django/db/models/query.py", line 1881, in _fetch_all
    self._result_cache = list(self._iterable_class(self))
                         ^^^^^^^^^^^^^^^^^^^^^^^^^^^^^^^^
  File "/usr/local/lib/python3.11/site-packages/django/db/models/query.py", line 91, in __iter__
    results = compiler.execute_sql(
              ^^^^^^^^^^^^^^^^^^^^^
  File "/usr/local/lib/python3.11/site-packages/django/db/models/sql/compiler.py", line 1562, in execute_sql
    cursor.execute(sql, params)
  File "/usr/local/lib/python3.11/site-packages/django/db/backends/utils.py", line 102, in execute
    return super().execute(sql, params)
           ^^^^^^^^^^^^^^^^^^^^^^^^^^^^
  File "/usr/local/lib/python3.11/site-packages/django/db/backends/utils.py", line 67, in execute
    return self._execute_with_wrappers(
           ^^^^^^^^^^^^^^^^^^^^^^^^^^^^
  File "/usr/local/lib/python3.11/site-packages/django/db/backends/utils.py", line 80, in _execute_with_wrappers
    return executor(sql, params, many, context)
           ^^^^^^^^^^^^^^^^^^^^^^^^^^^^^^^^^^^^
  File "/usr/local/lib/python3.11/site-packages/django/db/backends/utils.py", line 84, in _execute
    with self.db.wrap_database_errors:
  File "/usr/local/lib/python3.11/site-packages/django/db/utils.py", line 91, in __exit__
    raise dj_exc_value.with_traceback(traceback) from exc_value
  File "/usr/local/lib/python3.11/site-packages/django/db/backends/utils.py", line 89, in _execute
    return self.cursor.execute(sql, params)
           ^^^^^^^^^^^^^^^^^^^^^^^^^^^^^^^^
django.db.utils.ProgrammingError: column core_friend.date_from does not exist
LINE 1: ...re_friend"."region", "core_friend"."match_count", "core_frie...
                                                             ^

ERROR 2025-07-18 00:23:32,630 basehttp 27 139621304362688 "GET /api/tiles/ HTTP/1.1" 500 182459
ERROR 2025-07-18 00:23:32,731 log 27 139621294921408 Internal Server Error: /api/tiles/
Traceback (most recent call last):
  File "/usr/local/lib/python3.11/site-packages/django/db/backends/utils.py", line 89, in _execute
    return self.cursor.execute(sql, params)
           ^^^^^^^^^^^^^^^^^^^^^^^^^^^^^^^^
psycopg2.errors.UndefinedColumn: column core_friend.date_from does not exist
LINE 1: ...re_friend"."region", "core_friend"."match_count", "core_frie...
                                                             ^


The above exception was the direct cause of the following exception:

Traceback (most recent call last):
  File "/usr/local/lib/python3.11/site-packages/django/core/handlers/exception.py", line 55, in inner
    response = get_response(request)
               ^^^^^^^^^^^^^^^^^^^^^
  File "/usr/local/lib/python3.11/site-packages/django/core/handlers/base.py", line 197, in _get_response
    response = wrapped_callback(request, *callback_args, **callback_kwargs)
               ^^^^^^^^^^^^^^^^^^^^^^^^^^^^^^^^^^^^^^^^^^^^^^^^^^^^^^^^^^^^
  File "/usr/local/lib/python3.11/site-packages/django/views/decorators/csrf.py", line 56, in wrapper_view
    return view_func(*args, **kwargs)
           ^^^^^^^^^^^^^^^^^^^^^^^^^^
  File "/usr/local/lib/python3.11/site-packages/django/views/generic/base.py", line 104, in view
    return self.dispatch(request, *args, **kwargs)
           ^^^^^^^^^^^^^^^^^^^^^^^^^^^^^^^^^^^^^^^
  File "/usr/local/lib/python3.11/site-packages/rest_framework/views.py", line 509, in dispatch
    response = self.handle_exception(exc)
               ^^^^^^^^^^^^^^^^^^^^^^^^^^
  File "/usr/local/lib/python3.11/site-packages/rest_framework/views.py", line 469, in handle_exception
    self.raise_uncaught_exception(exc)
  File "/usr/local/lib/python3.11/site-packages/rest_framework/views.py", line 480, in raise_uncaught_exception
    raise exc
  File "/usr/local/lib/python3.11/site-packages/rest_framework/views.py", line 506, in dispatch
    response = handler(request, *args, **kwargs)
               ^^^^^^^^^^^^^^^^^^^^^^^^^^^^^^^^^
  File "/usr/local/lib/python3.11/site-packages/rest_framework/generics.py", line 239, in get
    return self.list(request, *args, **kwargs)
           ^^^^^^^^^^^^^^^^^^^^^^^^^^^^^^^^^^^
  File "/usr/local/lib/python3.11/site-packages/rest_framework/mixins.py", line 43, in list
    return self.get_paginated_response(serializer.data)
                                       ^^^^^^^^^^^^^^^
  File "/usr/local/lib/python3.11/site-packages/rest_framework/serializers.py", line 768, in data
    ret = super().data
          ^^^^^^^^^^^^
  File "/usr/local/lib/python3.11/site-packages/rest_framework/serializers.py", line 253, in data
    self._data = self.to_representation(self.instance)
                 ^^^^^^^^^^^^^^^^^^^^^^^^^^^^^^^^^^^^^
  File "/usr/local/lib/python3.11/site-packages/rest_framework/serializers.py", line 686, in to_representation
    return [
           ^
  File "/usr/local/lib/python3.11/site-packages/rest_framework/serializers.py", line 687, in <listcomp>
    self.child.to_representation(item) for item in iterable
    ^^^^^^^^^^^^^^^^^^^^^^^^^^^^^^^^^^
  File "/usr/local/lib/python3.11/site-packages/rest_framework/serializers.py", line 522, in to_representation
    ret[field.field_name] = field.to_representation(attribute)
                            ^^^^^^^^^^^^^^^^^^^^^^^^^^^^^^^^^^
  File "/usr/local/lib/python3.11/site-packages/rest_framework/serializers.py", line 686, in to_representation
    return [
           ^
  File "/usr/local/lib/python3.11/site-packages/django/db/models/query.py", line 398, in __iter__
    self._fetch_all()
  File "/usr/local/lib/python3.11/site-packages/django/db/models/query.py", line 1881, in _fetch_all
    self._result_cache = list(self._iterable_class(self))
                         ^^^^^^^^^^^^^^^^^^^^^^^^^^^^^^^^
  File "/usr/local/lib/python3.11/site-packages/django/db/models/query.py", line 91, in __iter__
    results = compiler.execute_sql(
              ^^^^^^^^^^^^^^^^^^^^^
  File "/usr/local/lib/python3.11/site-packages/django/db/models/sql/compiler.py", line 1562, in execute_sql
    cursor.execute(sql, params)
  File "/usr/local/lib/python3.11/site-packages/django/db/backends/utils.py", line 102, in execute
    return super().execute(sql, params)
           ^^^^^^^^^^^^^^^^^^^^^^^^^^^^
  File "/usr/local/lib/python3.11/site-packages/django/db/backends/utils.py", line 67, in execute
    return self._execute_with_wrappers(
           ^^^^^^^^^^^^^^^^^^^^^^^^^^^^
  File "/usr/local/lib/python3.11/site-packages/django/db/backends/utils.py", line 80, in _execute_with_wrappers
    return executor(sql, params, many, context)
           ^^^^^^^^^^^^^^^^^^^^^^^^^^^^^^^^^^^^
  File "/usr/local/lib/python3.11/site-packages/django/db/backends/utils.py", line 84, in _execute
    with self.db.wrap_database_errors:
  File "/usr/local/lib/python3.11/site-packages/django/db/utils.py", line 91, in __exit__
    raise dj_exc_value.with_traceback(traceback) from exc_value
  File "/usr/local/lib/python3.11/site-packages/django/db/backends/utils.py", line 89, in _execute
    return self.cursor.execute(sql, params)
           ^^^^^^^^^^^^^^^^^^^^^^^^^^^^^^^^
django.db.utils.ProgrammingError: column core_friend.date_from does not exist
LINE 1: ...re_friend"."region", "core_friend"."match_count", "core_frie...
                                                             ^

ERROR 2025-07-18 00:23:32,741 basehttp 27 139621294921408 "GET /api/tiles/ HTTP/1.1" 500 182459
INFO 2025-07-18 00:23:49,117 autoreload 27 139621382695808 /app/api/riot_api.py changed, reloading.
INFO 2025-07-18 00:23:49,525 autoreload 31 140702853688192 Watching for file changes with StatReloader
INFO 2025-07-18 00:24:03,401 autoreload 31 140702853688192 /app/api/views.py changed, reloading.
INFO 2025-07-18 00:24:03,889 autoreload 33 139896134171520 Watching for file changes with StatReloader
INFO 2025-07-18 00:24:28,072 autoreload 33 139896134171520 /app/api/views.py changed, reloading.
INFO 2025-07-18 00:24:28,522 autoreload 35 139724874255232 Watching for file changes with StatReloader
INFO 2025-07-18 00:26:14,047 autoreload 10 140679898200960 Watching for file changes with StatReloader
INFO 2025-07-18 00:26:17,400 basehttp 10 140679819814592 "POST /api/auth/login/ HTTP/1.1" 200 101
INFO 2025-07-18 00:26:27,734 basehttp 10 140679819814592 "GET /api/tiles/ HTTP/1.1" 200 4921
INFO 2025-07-18 00:26:36,406 basehttp 10 140679819814592 "GET /api/profile/ HTTP/1.1" 200 199
INFO 2025-07-18 00:26:36,450 basehttp 10 140679573403328 "GET /api/profile/ HTTP/1.1" 200 199
INFO 2025-07-18 00:26:37,928 basehttp 10 140679787304640 "GET /api/tiles/ HTTP/1.1" 200 4921
INFO 2025-07-18 00:26:41,127 basehttp 10 140679573403328 "POST /api/auth/login/ HTTP/1.1" 200 101
INFO 2025-07-18 00:26:47,179 basehttp 10 140679573403328 "GET /api/tiles/ HTTP/1.1" 200 4921
INFO 2025-07-18 00:26:51,405 basehttp 10 140679573403328 "GET /api/friends/ HTTP/1.1" 200 2164
INFO 2025-07-18 00:26:51,428 basehttp 10 140679787304640 "GET /api/friends/ HTTP/1.1" 200 2164
INFO 2025-07-18 00:26:53,223 basehttp 10 140679819814592 "GET /api/tiles/ HTTP/1.1" 200 4921
INFO 2025-07-18 00:26:59,891 basehttp 10 140679787304640 "GET /api/tiles/ HTTP/1.1" 200 4921
INFO 2025-07-18 00:27:05,563 basehttp 10 140679819814592 "GET /api/tiles/ HTTP/1.1" 200 4921
INFO 2025-07-18 00:27:20,058 basehttp 10 140679819814592 "GET /api/friends/ HTTP/1.1" 200 2164
INFO 2025-07-18 00:27:20,077 basehttp 10 140679787304640 "GET /api/friends/ HTTP/1.1" 200 2164
INFO 2025-07-18 00:27:33,326 riot_api 10 140679787304640 Making Riot API request to: https://americas.api.riotgames.com/lol/match/v5/matches/by-puuid/dWPwP9-RErPr_kqPU3mbmj7H69M3lvx4M-lb0tLTXDKwF_xIUqBZBn8MklI-etNgg5cl8bJ2pTwywg/ids
INFO 2025-07-18 00:27:33,327 riot_api 10 140679787304640 Request parameters: {'count': 20}
DEBUG 2025-07-18 00:27:33,329 connectionpool 10 140679787304640 Starting new HTTPS connection (1): americas.api.riotgames.com:443
DEBUG 2025-07-18 00:27:33,633 connectionpool 10 140679787304640 https://americas.api.riotgames.com:443 "GET /lol/match/v5/matches/by-puuid/dWPwP9-RErPr_kqPU3mbmj7H69M3lvx4M-lb0tLTXDKwF_xIUqBZBn8MklI-etNgg5cl8bJ2pTwywg/ids?count=20 HTTP/1.1" 200 None
INFO 2025-07-18 00:27:33,635 riot_api 10 140679787304640 Riot API response status: 200
INFO 2025-07-18 00:27:33,635 riot_api 10 140679787304640 Riot API response data keys: Not a dict
INFO 2025-07-18 00:27:33,636 riot_api 10 140679787304640 Match IDs response type: <class 'list'>, content: ['NA1_5326238113', 'NA1_5326206868', 'NA1_5326184328', 'NA1_5326169799', 'NA1_5326140973', 'NA1_5326125155', 'NA1_5325603157', 'NA1_5325574870', 'NA1_5325532501', 'NA1_5325502639', 'NA1_5325044546', 'NA1_5325032806', 'NA1_5324997371', 'NA1_5324951719', 'NA1_5324920581', 'NA1_5324878738', 'NA1_5324849545', 'NA1_5324819491', 'NA1_5324798219', 'NA1_5324702435']
INFO 2025-07-18 00:27:33,654 basehttp 10 140679787304640 "POST /api/matches/refresh/dWPwP9-RErPr_kqPU3mbmj7H69M3lvx4M-lb0tLTXDKwF_xIUqBZBn8MklI-etNgg5cl8bJ2pTwywg/ HTTP/1.1" 200 66
INFO 2025-07-18 00:27:55,635 basehttp 10 140679819814592 "GET /api/friends/ HTTP/1.1" 200 2164
INFO 2025-07-18 00:27:55,656 basehttp 10 140679573403328 "GET /api/friends/ HTTP/1.1" 200 2164
INFO 2025-07-18 00:28:01,979 basehttp 10 140679787304640 "GET /api/tiles/ HTTP/1.1" 200 4921
INFO 2025-07-18 00:28:07,032 basehttp 10 140679573403328 "GET /api/tiles/ HTTP/1.1" 200 4921
INFO 2025-07-18 00:28:08,499 basehttp 10 140679573403328 "GET /api/friends/ HTTP/1.1" 200 2164
INFO 2025-07-18 00:28:08,517 basehttp 10 140679787304640 "GET /api/friends/ HTTP/1.1" 200 2164
ERROR 2025-07-18 00:28:47,091 views 10 140679787304640 Error refreshing matches for friend peteychill: ['“20225-07-15” value has an invalid date format. It must be in YYYY-MM-DD format.']
WARNING 2025-07-18 00:28:47,092 log 10 140679787304640 Bad Request: /api/friends/5/
WARNING 2025-07-18 00:28:47,093 basehttp 10 140679787304640 "PUT /api/friends/5/ HTTP/1.1" 400 127
INFO 2025-07-18 00:28:54,388 riot_api 10 140679787304640 Querying matches from 2025-07-13 (timestamp: 1752364800000)
INFO 2025-07-18 00:28:54,389 riot_api 10 140679787304640 Querying matches until 2025-07-15 (timestamp: 1752623999000)
INFO 2025-07-18 00:28:54,390 riot_api 10 140679787304640 Making Riot API request to: https://americas.api.riotgames.com/lol/match/v5/matches/by-puuid/dWPwP9-RErPr_kqPU3mbmj7H69M3lvx4M-lb0tLTXDKwF_xIUqBZBn8MklI-etNgg5cl8bJ2pTwywg/ids
INFO 2025-07-18 00:28:54,390 riot_api 10 140679787304640 Request parameters: {'count': 50, 'startTime': 1752364800000, 'endTime': 1752623999000}
DEBUG 2025-07-18 00:28:54,392 connectionpool 10 140679787304640 Starting new HTTPS connection (1): americas.api.riotgames.com:443
DEBUG 2025-07-18 00:28:54,734 connectionpool 10 140679787304640 https://americas.api.riotgames.com:443 "GET /lol/match/v5/matches/by-puuid/dWPwP9-RErPr_kqPU3mbmj7H69M3lvx4M-lb0tLTXDKwF_xIUqBZBn8MklI-etNgg5cl8bJ2pTwywg/ids?count=50&startTime=1752364800000&endTime=1752623999000 HTTP/1.1" 200 None
INFO 2025-07-18 00:28:54,738 riot_api 10 140679787304640 Riot API response status: 200
INFO 2025-07-18 00:28:54,739 riot_api 10 140679787304640 Riot API response data keys: Not a dict
INFO 2025-07-18 00:28:54,740 riot_api 10 140679787304640 Match IDs response type: <class 'list'>, content: []
INFO 2025-07-18 00:28:54,744 views 10 140679787304640 Refreshed 0 new matches for friend peteychill (total: 0)
INFO 2025-07-18 00:28:54,746 basehttp 10 140679787304640 "PUT /api/friends/5/ HTTP/1.1" 200 319
INFO 2025-07-18 00:29:22,340 riot_api 10 140679787304640 Querying matches from 2025-04-11 (timestamp: 1744329600000)
INFO 2025-07-18 00:29:22,340 riot_api 10 140679787304640 Querying matches until 2025-04-15 (timestamp: 1744761599000)
INFO 2025-07-18 00:29:22,340 riot_api 10 140679787304640 Making Riot API request to: https://americas.api.riotgames.com/lol/match/v5/matches/by-puuid/dWPwP9-RErPr_kqPU3mbmj7H69M3lvx4M-lb0tLTXDKwF_xIUqBZBn8MklI-etNgg5cl8bJ2pTwywg/ids
INFO 2025-07-18 00:29:22,341 riot_api 10 140679787304640 Request parameters: {'count': 50, 'startTime': 1744329600000, 'endTime': 1744761599000}
DEBUG 2025-07-18 00:29:22,343 connectionpool 10 140679787304640 Starting new HTTPS connection (1): americas.api.riotgames.com:443
DEBUG 2025-07-18 00:29:22,542 connectionpool 10 140679787304640 https://americas.api.riotgames.com:443 "GET /lol/match/v5/matches/by-puuid/dWPwP9-RErPr_kqPU3mbmj7H69M3lvx4M-lb0tLTXDKwF_xIUqBZBn8MklI-etNgg5cl8bJ2pTwywg/ids?count=50&startTime=1744329600000&endTime=1744761599000 HTTP/1.1" 200 None
INFO 2025-07-18 00:29:22,543 riot_api 10 140679787304640 Riot API response status: 200
INFO 2025-07-18 00:29:22,543 riot_api 10 140679787304640 Riot API response data keys: Not a dict
INFO 2025-07-18 00:29:22,544 riot_api 10 140679787304640 Match IDs response type: <class 'list'>, content: []
INFO 2025-07-18 00:29:22,547 views 10 140679787304640 Refreshed 0 new matches for friend peteychill (total: 0)
INFO 2025-07-18 00:29:22,548 basehttp 10 140679787304640 "PUT /api/friends/5/ HTTP/1.1" 200 319
INFO 2025-07-18 00:30:02,882 riot_api 10 140679787304640 Making Riot API request to: https://americas.api.riotgames.com/lol/match/v5/matches/by-puuid/dWPwP9-RErPr_kqPU3mbmj7H69M3lvx4M-lb0tLTXDKwF_xIUqBZBn8MklI-etNgg5cl8bJ2pTwywg/ids
INFO 2025-07-18 00:30:02,882 riot_api 10 140679787304640 Request parameters: {'count': 20}
DEBUG 2025-07-18 00:30:02,884 connectionpool 10 140679787304640 Starting new HTTPS connection (1): americas.api.riotgames.com:443
DEBUG 2025-07-18 00:30:03,163 connectionpool 10 140679787304640 https://americas.api.riotgames.com:443 "GET /lol/match/v5/matches/by-puuid/dWPwP9-RErPr_kqPU3mbmj7H69M3lvx4M-lb0tLTXDKwF_xIUqBZBn8MklI-etNgg5cl8bJ2pTwywg/ids?count=20 HTTP/1.1" 200 None
INFO 2025-07-18 00:30:03,165 riot_api 10 140679787304640 Riot API response status: 200
INFO 2025-07-18 00:30:03,165 riot_api 10 140679787304640 Riot API response data keys: Not a dict
INFO 2025-07-18 00:30:03,166 riot_api 10 140679787304640 Match IDs response type: <class 'list'>, content: ['NA1_5326238113', 'NA1_5326206868', 'NA1_5326184328', 'NA1_5326169799', 'NA1_5326140973', 'NA1_5326125155', 'NA1_5325603157', 'NA1_5325574870', 'NA1_5325532501', 'NA1_5325502639', 'NA1_5325044546', 'NA1_5325032806', 'NA1_5324997371', 'NA1_5324951719', 'NA1_5324920581', 'NA1_5324878738', 'NA1_5324849545', 'NA1_5324819491', 'NA1_5324798219', 'NA1_5324702435']
INFO 2025-07-18 00:30:03,291 basehttp 10 140679787304640 "POST /api/matches/refresh/dWPwP9-RErPr_kqPU3mbmj7H69M3lvx4M-lb0tLTXDKwF_xIUqBZBn8MklI-etNgg5cl8bJ2pTwywg/ HTTP/1.1" 200 66
INFO 2025-07-18 00:30:11,009 basehttp 10 140679573403328 "GET /api/friends/ HTTP/1.1" 200 2180
INFO 2025-07-18 00:30:11,055 basehttp 10 140679819814592 "GET /api/friends/ HTTP/1.1" 200 2180
INFO 2025-07-18 00:30:16,614 basehttp 10 140679787304640 "GET /api/tiles/ HTTP/1.1" 200 5001
INFO 2025-07-18 00:30:21,911 basehttp 10 140679819814592 "GET /api/tiles/ HTTP/1.1" 200 5001
INFO 2025-07-18 00:30:57,282 basehttp 10 140679819814592 "POST /api/tiles/ HTTP/1.1" 201 522
INFO 2025-07-18 00:32:00,222 basehttp 10 140679819814592 "POST /api/tiles/ HTTP/1.1" 201 512
INFO 2025-07-18 00:33:13,649 basehttp 10 140679819814592 "POST /api/tiles/ HTTP/1.1" 201 2337
INFO 2025-07-18 00:33:20,751 basehttp 10 140679787304640 "OPTIONS /api/tiles/15/ HTTP/1.1" 200 0
INFO 2025-07-18 00:33:20,765 basehttp 10 140679819814592 "DELETE /api/tiles/15/ HTTP/1.1" 204 0
INFO 2025-07-18 00:34:10,167 basehttp 10 140679819814592 "POST /api/tiles/ HTTP/1.1" 201 1732
INFO 2025-07-18 00:34:16,222 basehttp 10 140679819814592 "GET /api/tiles/16/matches/ HTTP/1.1" 200 52
INFO 2025-07-18 00:34:16,533 basehttp 10 140679562913472 "GET /api/tiles/16/matches/ HTTP/1.1" 200 52
INFO 2025-07-18 00:34:22,514 basehttp 10 140679562913472 "GET /api/friends/ HTTP/1.1" 200 2180
INFO 2025-07-18 00:34:22,530 basehttp 10 140679819814592 "GET /api/friends/ HTTP/1.1" 200 2180
INFO 2025-07-18 00:34:24,708 basehttp 10 140679573403328 "GET /api/tiles/ HTTP/1.1" 200 7771
INFO 2025-07-18 00:34:25,559 basehttp 10 140679573403328 "GET /api/friends/ HTTP/1.1" 200 2180
INFO 2025-07-18 00:34:25,575 basehttp 10 140679562913472 "GET /api/friends/ HTTP/1.1" 200 2180
INFO 2025-07-18 00:34:26,602 basehttp 10 140679562913472 "GET /api/friends/ HTTP/1.1" 200 2180
INFO 2025-07-18 00:34:26,625 basehttp 10 140679573403328 "GET /api/friends/ HTTP/1.1" 200 2180
INFO 2025-07-18 00:34:33,076 basehttp 10 140679819814592 "GET /api/tiles/ HTTP/1.1" 200 7771
INFO 2025-07-18 00:34:41,802 basehttp 10 140679573403328 "GET /api/tiles/ HTTP/1.1" 200 7771
INFO 2025-07-18 00:34:54,711 basehttp 10 140679819814592 "GET /api/tiles/ HTTP/1.1" 200 7771
INFO 2025-07-18 00:35:02,884 basehttp 10 140679573403328 "GET /api/tiles/ HTTP/1.1" 200 7771
INFO 2025-07-18 00:35:02,888 basehttp 10 140679562913472 "GET /api/tiles/ HTTP/1.1" 200 7771
INFO 2025-07-18 00:36:40,501 basehttp 10 140679787304640 "POST /api/tiles/ HTTP/1.1" 201 514
INFO 2025-07-18 00:36:55,654 basehttp 10 140679787304640 "GET /api/tiles/17/matches/ HTTP/1.1" 200 75806
INFO 2025-07-18 00:36:56,069 basehttp 10 140679573403328 "GET /api/tiles/17/matches/ HTTP/1.1" 200 75806
INFO 2025-07-18 00:37:05,566 basehttp 10 140679562913472 "GET /api/tiles/ HTTP/1.1" 200 8286
INFO 2025-07-18 00:37:13,293 basehttp 10 140679573403328 "GET /api/tiles/ HTTP/1.1" 200 8286
INFO 2025-07-18 00:40:47,575 autoreload 10 140679898200960 /app/api/riot_api.py changed, reloading.
INFO 2025-07-18 00:40:48,167 autoreload 26 140070486473600 Watching for file changes with StatReloader
INFO 2025-07-18 00:40:48,378 riot_api 26 140070486473600 Fetching champion data from Data Dragon
DEBUG 2025-07-18 00:40:48,380 connectionpool 26 140070486473600 Starting new HTTPS connection (1): ddragon.leagueoflegends.com:443
DEBUG 2025-07-18 00:40:48,675 connectionpool 26 140070486473600 https://ddragon.leagueoflegends.com:443 "GET /api/versions.json HTTP/1.1" 200 None
DEBUG 2025-07-18 00:40:48,677 connectionpool 26 140070486473600 Starting new HTTPS connection (1): ddragon.leagueoflegends.com:443
DEBUG 2025-07-18 00:40:48,921 connectionpool 26 140070486473600 https://ddragon.leagueoflegends.com:443 "GET /cdn/15.14.1/data/en_US/champion.json HTTP/1.1" 200 None
INFO 2025-07-18 00:40:48,930 riot_api 26 140070486473600 Loaded 171 champions from Data Dragon
INFO 2025-07-18 00:40:55,509 autoreload 26 140070486473600 /app/api/riot_api.py changed, reloading.
INFO 2025-07-18 00:40:55,923 autoreload 28 140137678822272 Watching for file changes with StatReloader
INFO 2025-07-18 00:40:56,049 riot_api 28 140137678822272 Using cached champion data
INFO 2025-07-18 00:41:04,664 autoreload 28 140137678822272 /app/api/riot_api.py changed, reloading.
INFO 2025-07-18 00:41:05,149 autoreload 30 139937012484992 Watching for file changes with StatReloader
INFO 2025-07-18 00:41:05,284 riot_api 30 139937012484992 Using cached champion data
INFO 2025-07-18 00:41:14,797 autoreload 30 139937012484992 /app/core/models.py changed, reloading.
INFO 2025-07-18 00:41:15,201 autoreload 32 140541755681664 Watching for file changes with StatReloader
INFO 2025-07-18 00:41:15,328 riot_api 32 140541755681664 Using cached champion data
INFO 2025-07-18 00:41:36,301 autoreload 32 140541755681664 /app/core/models.py changed, reloading.
INFO 2025-07-18 00:41:36,724 autoreload 34 140585700404096 Watching for file changes with StatReloader
INFO 2025-07-18 00:41:36,835 riot_api 34 140585700404096 Using cached champion data
INFO 2025-07-18 00:41:45,310 autoreload 34 140585700404096 /app/api/serializers.py changed, reloading.
INFO 2025-07-18 00:41:45,783 autoreload 36 139817246698368 Watching for file changes with StatReloader
INFO 2025-07-18 00:41:45,917 riot_api 36 139817246698368 Using cached champion data
INFO 2025-07-18 00:41:55,451 autoreload 36 139817246698368 /app/api/views.py changed, reloading.
INFO 2025-07-18 00:41:55,870 autoreload 38 140082330758016 Watching for file changes with StatReloader
INFO 2025-07-18 00:41:55,995 riot_api 38 140082330758016 Using cached champion data
INFO 2025-07-18 00:42:07,788 autoreload 38 140082330758016 /app/api/views.py changed, reloading.
INFO 2025-07-18 00:42:08,188 autoreload 40 140536395934592 Watching for file changes with StatReloader
INFO 2025-07-18 00:42:08,313 riot_api 40 140536395934592 Using cached champion data
INFO 2025-07-18 00:42:11,747 riot_api 42 140016657824640 Using cached champion data
INFO 2025-07-18 00:42:18,572 riot_api 49 140243405134720 Using cached champion data
INFO 2025-07-18 00:43:20,828 riot_api 7 140081723517824 Using cached champion data
INFO 2025-07-18 00:43:26,633 autoreload 10 139736416779136 Watching for file changes with StatReloader
INFO 2025-07-18 00:43:26,854 riot_api 10 139736416779136 Using cached champion data
